negotiation_date,sold_price,product,day,month,year
2014-01-01,0.0,,1,1,2014
2014-01-02,0.0,,2,1,2014
2014-01-03,0.0,,3,1,2014
2014-01-04,0.0,,4,1,2014
2014-01-05,0.0,,5,1,2014
2014-01-06,0.0,,6,1,2014
2014-01-07,308.33,Polpa Cítrica,7,1,2014
2014-01-08,300.67,Polpa Cítrica,8,1,2014
2014-01-09,295.0,Polpa Cítrica,9,1,2014
2014-01-10,324.0,Polpa Cítrica,10,1,2014
2014-01-11,250.71,Polpa Cítrica,11,1,2014
2014-01-12,250.0,Polpa Cítrica,12,1,2014
2014-01-13,0.0,,13,1,2014
2014-01-14,0.0,,14,1,2014
2014-01-16,0.0,,16,1,2014
2014-01-17,0.0,,17,1,2014
2014-01-18,0.0,,18,1,2014
2014-01-19,0.0,,19,1,2014
2014-01-20,0.0,,20,1,2014
2014-01-25,0.0,,25,1,2014
2014-01-26,0.0,,26,1,2014
2014-01-29,0.0,,29,1,2014
2014-02-01,280.0,Polpa Cítrica,1,2,2014
2014-02-02,0.0,,2,2,2014
2014-02-03,0.0,,3,2,2014
2014-02-04,0.0,,4,2,2014
2014-02-05,0.0,,5,2,2014
2014-02-06,345.0,Polpa Cítrica,6,2,2014
2014-02-07,315.94,Polpa Cítrica,7,2,2014
2014-02-08,290.0,Polpa Cítrica,8,2,2014
2014-02-09,301.8,Polpa Cítrica,9,2,2014
2014-02-10,307.0,Polpa Cítrica,10,2,2014
2014-02-11,284.0,Polpa Cítrica,11,2,2014
2014-02-12,276.43,Polpa Cítrica,12,2,2014
2014-02-16,0.0,,16,2,2014
2014-02-20,0.0,,20,2,2014
2014-02-23,0.0,,23,2,2014
2014-02-25,0.0,,25,2,2014
2014-02-27,0.0,,27,2,2014
2014-02-28,0.0,,28,2,2014
2014-02-29,0.0,,29,2,2014
2014-02-30,0.0,,30,2,2014
2014-03-01,250.0,Polpa Cítrica,1,3,2014
2014-03-02,330.0,Polpa Cítrica,2,3,2014
2014-03-03,0.0,,3,3,2014
2014-03-04,545.0,Polpa Cítrica,4,3,2014
2014-03-05,0.0,,5,3,2014
2014-03-06,286.0,Polpa Cítrica,6,3,2014
2014-03-07,281.0,Polpa Cítrica,7,3,2014
2014-03-08,305.0,Polpa Cítrica,8,3,2014
2014-03-09,309.25,Polpa Cítrica,9,3,2014
2014-03-10,285.0,Polpa Cítrica,10,3,2014
2014-03-11,268.67,Polpa Cítrica,11,3,2014
2014-03-12,260.83,Polpa Cítrica,12,3,2014
2014-03-13,0.0,,13,3,2014
2014-03-16,0.0,,16,3,2014
2014-03-17,0.0,,17,3,2014
2014-03-18,0.0,,18,3,2014
2014-03-19,0.0,,19,3,2014
2014-03-20,0.0,,20,3,2014
2014-03-22,0.0,,22,3,2014
2014-03-23,0.0,,23,3,2014
2014-03-24,0.0,,24,3,2014
2014-03-25,0.0,,25,3,2014
2014-03-26,0.0,,26,3,2014
2014-03-27,0.0,,27,3,2014
2014-03-28,0.0,,28,3,2014
2014-03-29,0.0,,29,3,2014
2014-03-30,0.0,,30,3,2014
2014-04-01,285.0,Polpa Cítrica,1,4,2014
2014-04-02,335.71,Polpa Cítrica,2,4,2014
2014-04-03,0.0,,3,4,2014
2014-04-04,545.5,Polpa Cítrica,4,4,2014
2014-04-05,0.0,,5,4,2014
2014-04-06,337.0,Polpa Cítrica,6,4,2014
2014-04-07,323.71,Polpa Cítrica,7,4,2014
2014-04-08,0.0,,8,4,2014
2014-04-09,306.25,Polpa Cítrica,9,4,2014
2014-04-10,0.0,,10,4,2014
2014-04-11,254.6,Polpa Cítrica,11,4,2014
2014-04-12,260.0,Polpa Cítrica,12,4,2014
2014-04-13,0.0,,13,4,2014
2014-04-14,0.0,,14,4,2014
2014-04-15,0.0,,15,4,2014
2014-04-16,0.0,,16,4,2014
2014-04-18,0.0,,18,4,2014
2014-04-19,0.0,,19,4,2014
2014-04-20,0.0,,20,4,2014
2014-04-21,0.0,,21,4,2014
2014-04-22,0.0,,22,4,2014
2014-04-23,0.0,,23,4,2014
2014-04-24,0.0,,24,4,2014
2014-04-27,0.0,,27,4,2014
2014-05-01,295.0,Polpa Cítrica,1,5,2014
2014-05-02,350.67,Polpa Cítrica,2,5,2014
2014-05-03,0.0,,3,5,2014
2014-05-04,551.5,Polpa Cítrica,4,5,2014
2014-05-05,0.0,,5,5,2014
2014-05-06,289.17,Polpa Cítrica,6,5,2014
2014-05-07,305.2,Polpa Cítrica,7,5,2014
2014-05-08,304.33,Polpa Cítrica,8,5,2014
2014-05-09,307.33,Polpa Cítrica,9,5,2014
2014-05-10,0.0,,10,5,2014
2014-05-11,263.6,Polpa Cítrica,11,5,2014
2014-05-12,251.42,Polpa Cítrica,12,5,2014
2014-05-18,0.0,,18,5,2014
2014-05-20,0.0,,20,5,2014
2014-05-22,0.0,,22,5,2014
2014-05-23,0.0,,23,5,2014
2014-06-01,292.0,Polpa Cítrica,1,6,2014
2014-06-02,344.25,Polpa Cítrica,2,6,2014
2014-06-03,453.0,Polpa Cítrica,3,6,2014
2014-06-04,0.0,,4,6,2014
2014-06-05,0.0,,5,6,2014
2014-06-06,290.0,Polpa Cítrica,6,6,2014
2014-06-07,305.0,Polpa Cítrica,7,6,2014
2014-06-08,317.5,Polpa Cítrica,8,6,2014
2014-06-09,335.0,Polpa Cítrica,9,6,2014
2014-06-10,315.0,Polpa Cítrica,10,6,2014
2014-06-11,255.7,Polpa Cítrica,11,6,2014
2014-06-12,285.33,Polpa Cítrica,12,6,2014
2014-07-01,305.67,Polpa Cítrica,1,7,2014
2014-07-02,358.5,Polpa Cítrica,2,7,2014
2014-07-03,455.33,Polpa Cítrica,3,7,2014
2014-07-04,543.0,Polpa Cítrica,4,7,2014
2014-07-05,0.0,,5,7,2014
2014-07-06,302.8,Polpa Cítrica,6,7,2014
2014-07-07,299.5,Polpa Cítrica,7,7,2014
2014-07-08,340.0,Polpa Cítrica,8,7,2014
2014-07-09,320.0,Polpa Cítrica,9,7,2014
2014-07-10,304.5,Polpa Cítrica,10,7,2014
2014-07-11,245.5,Polpa Cítrica,11,7,2014
2014-07-12,255.0,Polpa Cítrica,12,7,2014
2014-07-20,0.0,,20,7,2014
2014-08-01,280.0,Polpa Cítrica,1,8,2014
2014-08-02,0.0,,2,8,2014
2014-08-03,460.0,Polpa Cítrica,3,8,2014
2014-08-04,528.33,Polpa Cítrica,4,8,2014
2014-08-05,0.0,,5,8,2014
2014-08-06,327.5,Polpa Cítrica,6,8,2014
2014-08-07,0.0,,7,8,2014
2014-08-08,301.67,Polpa Cítrica,8,8,2014
2014-08-09,0.0,,9,8,2014
2014-08-10,305.0,Polpa Cítrica,10,8,2014
2014-08-11,256.25,Polpa Cítrica,11,8,2014
2014-08-12,248.33,Polpa Cítrica,12,8,2014
2014-08-18,0.0,,18,8,2014
2014-08-24,0.0,,24,8,2014
2014-08-28,0.0,,28,8,2014
2014-09-01,292.5,Polpa Cítrica,1,9,2014
2014-09-02,0.0,,2,9,2014
2014-09-03,0.0,,3,9,2014
2014-09-04,525.0,Polpa Cítrica,4,9,2014
2014-09-05,0.0,,5,9,2014
2014-09-06,335.0,Polpa Cítrica,6,9,2014
2014-09-07,320.0,Polpa Cítrica,7,9,2014
2014-09-08,293.5,Polpa Cítrica,8,9,2014
2014-09-09,309.56,Polpa Cítrica,9,9,2014
2014-09-10,287.4,Polpa Cítrica,10,9,2014
2014-09-11,0.0,,11,9,2014
2014-09-12,261.67,Polpa Cítrica,12,9,2014
2014-09-14,0.0,,14,9,2014
2014-09-28,0.0,,28,9,2014
2014-10-01,245.0,Polpa Cítrica,1,10,2014
2014-10-02,340.0,Polpa Cítrica,2,10,2014
2014-10-03,458.0,Polpa Cítrica,3,10,2014
2014-10-04,0.0,,4,10,2014
2014-10-05,0.0,,5,10,2014
2014-10-06,280.0,Polpa Cítrica,6,10,2014
2014-10-07,315.0,Polpa Cítrica,7,10,2014
2014-10-08,0.0,,8,10,2014
2014-10-09,300.0,Polpa Cítrica,9,10,2014
2014-10-10,309.0,Polpa Cítrica,10,10,2014
2014-10-11,259.43,Polpa Cítrica,11,10,2014
2014-10-12,325.0,Polpa Cítrica,12,10,2014
2014-11-01,276.5,Polpa Cítrica,1,11,2014
2014-11-02,340.0,Polpa Cítrica,2,11,2014
2014-11-03,0.0,,3,11,2014
2014-11-04,475.0,Polpa Cítrica,4,11,2014
2014-11-05,0.0,,5,11,2014
2014-11-06,310.0,Polpa Cítrica,6,11,2014
2014-11-07,305.0,Polpa Cítrica,7,11,2014
2014-11-08,300.67,Polpa Cítrica,8,11,2014
2014-11-09,302.5,Polpa Cítrica,9,11,2014
2014-11-10,264.25,Polpa Cítrica,10,11,2014
2014-11-11,265.43,Polpa Cítrica,11,11,2014
2014-11-12,281.67,Polpa Cítrica,12,11,2014
2014-11-24,0.0,,24,11,2014
2014-12-01,285.0,Polpa Cítrica,1,12,2014
2014-12-02,368.0,Polpa Cítrica,2,12,2014
2014-12-03,470.0,Polpa Cítrica,3,12,2014
2014-12-04,516.25,Polpa Cítrica,4,12,2014
2014-12-05,0.0,,5,12,2014
2014-12-06,0.0,,6,12,2014
2014-12-07,320.0,Polpa Cítrica,7,12,2014
2014-12-08,308.5,Polpa Cítrica,8,12,2014
2014-12-09,309.5,Polpa Cítrica,9,12,2014
2014-12-10,230.0,Polpa Cítrica,10,12,2014
2014-12-11,245.33,Polpa Cítrica,11,12,2014
2014-12-12,273.33,Polpa Cítrica,12,12,2014
2014-12-25,0.0,,25,12,2014
2014-12-26,0.0,,26,12,2014
2014-12-28,0.0,,28,12,2014
2014-12-30,0.0,,30,12,2014
2014-13-02,401.86,Polpa Cítrica,13,2,2014
2014-13-05,280.0,Polpa Cítrica,13,5,2014
2014-13-06,345.0,Polpa Cítrica,13,6,2014
2014-13-07,304.0,Polpa Cítrica,13,7,2014
2014-13-08,301.67,Polpa Cítrica,13,8,2014
2014-13-09,307.5,Polpa Cítrica,13,9,2014
2014-13-10,302.0,Polpa Cítrica,13,10,2014
2014-13-11,242.25,Polpa Cítrica,13,11,2014
2014-13-12,315.0,Polpa Cítrica,13,12,2014
2014-14-02,438.5,Polpa Cítrica,14,2,2014
2014-14-03,430.0,Polpa Cítrica,14,3,2014
2014-14-05,426.25,Polpa Cítrica,14,5,2014
2014-14-06,306.5,Polpa Cítrica,14,6,2014
2014-14-07,305.0,Polpa Cítrica,14,7,2014
2014-14-08,314.67,Polpa Cítrica,14,8,2014
2014-14-10,251.4,Polpa Cítrica,14,10,2014
2014-14-11,252.67,Polpa Cítrica,14,11,2014
2014-14-12,278.33,Polpa Cítrica,14,12,2014
2014-15-01,305.0,Polpa Cítrica,15,1,2014
2014-15-02,415.0,Polpa Cítrica,15,2,2014
2014-15-03,523.0,Polpa Cítrica,15,3,2014
2014-15-05,307.5,Polpa Cítrica,15,5,2014
2014-15-06,320.0,Polpa Cítrica,15,6,2014
2014-15-07,306.75,Polpa Cítrica,15,7,2014
2014-15-08,318.75,Polpa Cítrica,15,8,2014
2014-15-09,299.67,Polpa Cítrica,15,9,2014
2014-15-10,276.25,Polpa Cítrica,15,10,2014
2014-15-11,235.0,Polpa Cítrica,15,11,2014
2014-15-12,295.0,Polpa Cítrica,15,12,2014
2014-16-05,310.5,Polpa Cítrica,16,5,2014
2014-16-06,316.67,Polpa Cítrica,16,6,2014
2014-16-07,302.6,Polpa Cítrica,16,7,2014
2014-16-08,328.33,Polpa Cítrica,16,8,2014
2014-16-09,322.5,Polpa Cítrica,16,9,2014
2014-16-10,263.67,Polpa Cítrica,16,10,2014
2014-16-11,255.5,Polpa Cítrica,16,11,2014
2014-16-12,298.33,Polpa Cítrica,16,12,2014
2014-17-02,421.62,Polpa Cítrica,17,2,2014
2014-17-04,525.0,Polpa Cítrica,17,4,2014
2014-17-05,345.0,Polpa Cítrica,17,5,2014
2014-17-06,336.25,Polpa Cítrica,17,6,2014
2014-17-07,306.0,Polpa Cítrica,17,7,2014
2014-17-08,305.0,Polpa Cítrica,17,8,2014
2014-17-09,310.67,Polpa Cítrica,17,9,2014
2014-17-10,276.5,Polpa Cítrica,17,10,2014
2014-17-11,241.33,Polpa Cítrica,17,11,2014
2014-17-12,311.0,Polpa Cítrica,17,12,2014
2014-18-02,423.11,Polpa Cítrica,18,2,2014
2014-18-06,317.75,Polpa Cítrica,18,6,2014
2014-18-07,313.0,Polpa Cítrica,18,7,2014
2014-18-09,310.0,Polpa Cítrica,18,9,2014
2014-18-10,256.0,Polpa Cítrica,18,10,2014
2014-18-11,295.0,Polpa Cítrica,18,11,2014
2014-18-12,304.17,Polpa Cítrica,18,12,2014
2014-19-02,340.0,Polpa Cítrica,19,2,2014
2014-19-05,350.0,Polpa Cítrica,19,5,2014
2014-19-06,311.5,Polpa Cítrica,19,6,2014
2014-19-07,297.4,Polpa Cítrica,19,7,2014
2014-19-08,325.0,Polpa Cítrica,19,8,2014
2014-19-09,307.56,Polpa Cítrica,19,9,2014
2014-19-10,255.0,Polpa Cítrica,19,10,2014
2014-19-11,258.0,Polpa Cítrica,19,11,2014
2014-19-12,290.0,Polpa Cítrica,19,12,2014
2014-20-06,336.8,Polpa Cítrica,20,6,2014
2014-20-08,315.0,Polpa Cítrica,20,8,2014
2014-20-09,319.83,Polpa Cítrica,20,9,2014
2014-20-10,248.0,Polpa Cítrica,20,10,2014
2014-20-11,257.5,Polpa Cítrica,20,11,2014
2014-20-12,310.0,Polpa Cítrica,20,12,2014
2014-21-01,335.0,Polpa Cítrica,21,1,2014
2014-21-02,403.33,Polpa Cítrica,21,2,2014
2014-21-03,515.0,Polpa Cítrica,21,3,2014
2014-21-05,310.0,Polpa Cítrica,21,5,2014
2014-21-06,305.0,Polpa Cítrica,21,6,2014
2014-21-07,298.5,Polpa Cítrica,21,7,2014
2014-21-08,317.5,Polpa Cítrica,21,8,2014
2014-21-09,297.0,Polpa Cítrica,21,9,2014
2014-21-10,246.4,Polpa Cítrica,21,10,2014
2014-21-11,258.0,Polpa Cítrica,21,11,2014
2014-21-12,315.0,Polpa Cítrica,21,12,2014
2014-22-01,338.5,Polpa Cítrica,22,1,2014
2014-22-02,423.5,Polpa Cítrica,22,2,2014
2014-22-06,317.5,Polpa Cítrica,22,6,2014
2014-22-07,293.0,Polpa Cítrica,22,7,2014
2014-22-08,313.33,Polpa Cítrica,22,8,2014
2014-22-09,315.0,Polpa Cítrica,22,9,2014
2014-22-10,277.0,Polpa Cítrica,22,10,2014
2014-22-11,241.5,Polpa Cítrica,22,11,2014
2014-22-12,299.0,Polpa Cítrica,22,12,2014
2014-23-01,336.75,Polpa Cítrica,23,1,2014
2014-23-06,340.67,Polpa Cítrica,23,6,2014
2014-23-07,311.0,Polpa Cítrica,23,7,2014
2014-23-08,295.0,Polpa Cítrica,23,8,2014
2014-23-09,302.5,Polpa Cítrica,23,9,2014
2014-23-10,255.88,Polpa Cítrica,23,10,2014
2014-23-11,270.0,Polpa Cítrica,23,11,2014
2014-23-12,294.5,Polpa Cítrica,23,12,2014
2014-24-01,330.0,Polpa Cítrica,24,1,2014
2014-24-02,428.75,Polpa Cítrica,24,2,2014
2014-24-05,277.0,Polpa Cítrica,24,5,2014
2014-24-06,292.4,Polpa Cítrica,24,6,2014
2014-24-07,313.83,Polpa Cítrica,24,7,2014
2014-24-09,310.0,Polpa Cítrica,24,9,2014
2014-24-10,265.56,Polpa Cítrica,24,10,2014
2014-24-12,247.0,Polpa Cítrica,24,12,2014
2014-25-04,515.0,Polpa Cítrica,25,4,2014
2014-25-05,330.0,Polpa Cítrica,25,5,2014
2014-25-06,309.8,Polpa Cítrica,25,6,2014
2014-25-07,305.5,Polpa Cítrica,25,7,2014
2014-25-08,306.5,Polpa Cítrica,25,8,2014
2014-25-09,309.33,Polpa Cítrica,25,9,2014
2014-25-10,270.75,Polpa Cítrica,25,10,2014
2014-25-11,261.88,Polpa Cítrica,25,11,2014
2014-26-02,415.0,Polpa Cítrica,26,2,2014
2014-26-04,515.0,Polpa Cítrica,26,4,2014
2014-26-05,350.0,Polpa Cítrica,26,5,2014
2014-26-06,305.5,Polpa Cítrica,26,6,2014
2014-26-07,321.25,Polpa Cítrica,26,7,2014
2014-26-08,291.0,Polpa Cítrica,26,8,2014
2014-26-09,305.2,Polpa Cítrica,26,9,2014
2014-26-10,236.5,Polpa Cítrica,26,10,2014
2014-26-11,265.57,Polpa Cítrica,26,11,2014
2014-27-01,320.0,Polpa Cítrica,27,1,2014
2014-27-05,278.5,Polpa Cítrica,27,5,2014
2014-27-06,326.58,Polpa Cítrica,27,6,2014
2014-27-07,320.0,Polpa Cítrica,27,7,2014
2014-27-08,305.0,Polpa Cítrica,27,8,2014
2014-27-09,305.67,Polpa Cítrica,27,9,2014
2014-27-10,273.33,Polpa Cítrica,27,10,2014
2014-27-11,259.33,Polpa Cítrica,27,11,2014
2014-27-12,295.0,Polpa Cítrica,27,12,2014
2014-28-01,356.25,Polpa Cítrica,28,1,2014
2014-28-04,494.0,Polpa Cítrica,28,4,2014
2014-28-05,322.33,Polpa Cítrica,28,5,2014
2014-28-06,307.17,Polpa Cítrica,28,6,2014
2014-28-07,295.67,Polpa Cítrica,28,7,2014
2014-28-10,292.6,Polpa Cítrica,28,10,2014
2014-28-11,260.0,Polpa Cítrica,28,11,2014
2014-29-04,500.0,Polpa Cítrica,29,4,2014
2014-29-05,328.25,Polpa Cítrica,29,5,2014
2014-29-06,305.0,Polpa Cítrica,29,6,2014
2014-29-07,298.22,Polpa Cítrica,29,7,2014
2014-29-08,301.38,Polpa Cítrica,29,8,2014
2014-29-09,315.0,Polpa Cítrica,29,9,2014
2014-29-10,262.8,Polpa Cítrica,29,10,2014
2014-29-11,255.0,Polpa Cítrica,29,11,2014
2014-29-12,237.0,Polpa Cítrica,29,12,2014
2014-30-01,330.0,Polpa Cítrica,30,1,2014
2014-30-04,495.0,Polpa Cítrica,30,4,2014
2014-30-05,320.0,Polpa Cítrica,30,5,2014
2014-30-06,303.25,Polpa Cítrica,30,6,2014
2014-30-07,291.25,Polpa Cítrica,30,7,2014
2014-30-08,326.0,Polpa Cítrica,30,8,2014
2014-30-09,310.25,Polpa Cítrica,30,9,2014
2014-30-10,260.33,Polpa Cítrica,30,10,2014
2014-30-11,286.67,Polpa Cítrica,30,11,2014
2014-31-01,314.64,Polpa Cítrica,31,1,2014
2014-31-05,315.25,Polpa Cítrica,31,5,2014
2014-31-07,307.12,Polpa Cítrica,31,7,2014
2014-31-08,315.0,Polpa Cítrica,31,8,2014
2014-31-10,265.27,Polpa Cítrica,31,10,2014
2015-01-01,0.0,,1,1,2015
2015-01-02,0.0,,2,1,2015
2015-01-03,0.0,,3,1,2015
2015-01-04,360.0,Polpa Cítrica,4,1,2015
2015-01-05,375.0,Polpa Cítrica,5,1,2015
2015-01-06,0.0,,6,1,2015
2015-01-07,263.33,Polpa Cítrica,7,1,2015
2015-01-08,270.0,Polpa Cítrica,8,1,2015
2015-01-09,250.0,Polpa Cítrica,9,1,2015
2015-01-10,262.0,Polpa Cítrica,10,1,2015
2015-01-11,275.33,Polpa Cítrica,11,1,2015
2015-01-12,280.83,Polpa Cítrica,12,1,2015
2015-01-23,0.0,,23,1,2015
2015-01-25,0.0,,25,1,2015
2015-02-01,0.0,,1,2,2015
2015-02-02,0.0,,2,2,2015
2015-02-03,380.0,Polpa Cítrica,3,2,2015
2015-02-04,360.0,Polpa Cítrica,4,2,2015
2015-02-05,0.0,,5,2,2015
2015-02-06,263.43,Polpa Cítrica,6,2,2015
2015-02-07,260.82,Polpa Cítrica,7,2,2015
2015-02-08,0.0,,8,2,2015
2015-02-09,250.33,Polpa Cítrica,9,2,2015
2015-02-10,271.83,Polpa Cítrica,10,2,2015
2015-02-11,0.0,,11,2,2015
2015-02-12,280.0,Polpa Cítrica,12,2,2015
2015-02-15,0.0,,15,2,2015
2015-02-16,0.0,,16,2,2015
2015-02-17,0.0,,17,2,2015
2015-02-19,0.0,,19,2,2015
2015-02-20,0.0,,20,2,2015
2015-02-21,0.0,,21,2,2015
2015-02-22,0.0,,22,2,2015
2015-02-23,0.0,,23,2,2015
2015-02-25,0.0,,25,2,2015
2015-02-29,0.0,,29,2,2015
2015-02-30,0.0,,30,2,2015
2015-03-01,0.0,,1,3,2015
2015-03-02,0.0,,2,3,2015
2015-03-03,0.0,,3,3,2015
2015-03-04,0.0,,4,3,2015
2015-03-05,0.0,,5,3,2015
2015-03-06,267.6,Polpa Cítrica,6,3,2015
2015-03-07,258.33,Polpa Cítrica,7,3,2015
2015-03-08,261.67,Polpa Cítrica,8,3,2015
2015-03-09,244.0,Polpa Cítrica,9,3,2015
2015-03-10,262.0,Polpa Cítrica,10,3,2015
2015-03-11,0.0,,11,3,2015
2015-03-12,274.86,Polpa Cítrica,12,3,2015
2015-03-13,0.0,,13,3,2015
2015-03-14,0.0,,14,3,2015
2015-03-15,0.0,,15,3,2015
2015-03-16,0.0,,16,3,2015
2015-03-20,0.0,,20,3,2015
2015-03-21,0.0,,21,3,2015
2015-03-22,0.0,,22,3,2015
2015-03-23,0.0,,23,3,2015
2015-03-25,0.0,,25,3,2015
2015-03-26,0.0,,26,3,2015
2015-04-01,0.0,,1,4,2015
2015-04-02,0.0,,2,4,2015
2015-04-03,0.0,,3,4,2015
2015-04-04,0.0,,4,4,2015
2015-04-05,0.0,,5,4,2015
2015-04-06,0.0,,6,4,2015
2015-04-07,265.0,Polpa Cítrica,7,4,2015
2015-04-08,254.0,Polpa Cítrica,8,4,2015
2015-04-09,253.33,Polpa Cítrica,9,4,2015
2015-04-10,267.5,Polpa Cítrica,10,4,2015
2015-04-11,270.0,Polpa Cítrica,11,4,2015
2015-04-12,278.5,Polpa Cítrica,12,4,2015
2015-04-20,0.0,,20,4,2015
2015-04-21,0.0,,21,4,2015
2015-04-26,0.0,,26,4,2015
2015-04-28,0.0,,28,4,2015
2015-05-01,0.0,,1,5,2015
2015-05-02,347.5,Polpa Cítrica,2,5,2015
2015-05-03,370.0,Polpa Cítrica,3,5,2015
2015-05-04,0.0,,4,5,2015
2015-05-05,350.0,Polpa Cítrica,5,5,2015
2015-05-06,275.0,Polpa Cítrica,6,5,2015
2015-05-07,261.1,Polpa Cítrica,7,5,2015
2015-05-08,267.17,Polpa Cítrica,8,5,2015
2015-05-09,240.0,Polpa Cítrica,9,5,2015
2015-05-10,267.5,Polpa Cítrica,10,5,2015
2015-05-11,260.0,Polpa Cítrica,11,5,2015
2015-05-12,284.17,Polpa Cítrica,12,5,2015
2015-05-17,0.0,,17,5,2015
2015-05-24,0.0,,24,5,2015
2015-06-01,310.0,Polpa Cítrica,1,6,2015
2015-06-02,365.0,Polpa Cítrica,2,6,2015
2015-06-03,373.33,Polpa Cítrica,3,6,2015
2015-06-04,0.0,,4,6,2015
2015-06-05,0.0,,5,6,2015
2015-06-06,276.5,Polpa Cítrica,6,6,2015
2015-06-07,285.0,Polpa Cítrica,7,6,2015
2015-06-08,245.0,Polpa Cítrica,8,6,2015
2015-06-09,0.0,,9,6,2015
2015-06-10,274.0,Polpa Cítrica,10,6,2015
2015-06-11,277.5,Polpa Cítrica,11,6,2015
2015-06-12,281.0,Polpa Cítrica,12,6,2015
2015-06-21,0.0,,21,6,2015
2015-06-28,0.0,,28,6,2015
2015-07-01,303.8,Polpa Cítrica,1,7,2015
2015-07-02,352.5,Polpa Cítrica,2,7,2015
2015-07-03,380.0,Polpa Cítrica,3,7,2015
2015-07-04,356.5,Polpa Cítrica,4,7,2015
2015-07-05,328.33,Polpa Cítrica,5,7,2015
2015-07-06,0.0,,6,7,2015
2015-07-07,267.5,Polpa Cítrica,7,7,2015
2015-07-08,235.91,Polpa Cítrica,8,7,2015
2015-07-09,0.0,,9,7,2015
2015-07-10,270.83,Polpa Cítrica,10,7,2015
2015-07-11,281.0,Polpa Cítrica,11,7,2015
2015-07-12,277.73,Polpa Cítrica,12,7,2015
2015-07-19,0.0,,19,7,2015
2015-08-01,295.0,Polpa Cítrica,1,8,2015
2015-08-02,0.0,,2,8,2015
2015-08-03,0.0,,3,8,2015
2015-08-04,351.67,Polpa Cítrica,4,8,2015
2015-08-05,347.5,Polpa Cítrica,5,8,2015
2015-08-06,0.0,,6,8,2015
2015-08-07,267.5,Polpa Cítrica,7,8,2015
2015-08-08,238.0,Polpa Cítrica,8,8,2015
2015-08-09,257.5,Polpa Cítrica,9,8,2015
2015-08-10,272.5,Polpa Cítrica,10,8,2015
2015-08-11,0.0,,11,8,2015
2015-08-12,283.33,Polpa Cítrica,12,8,2015
2015-08-16,0.0,,16,8,2015
2015-08-22,0.0,,22,8,2015
2015-08-23,0.0,,23,8,2015
2015-09-01,307.0,Polpa Cítrica,1,9,2015
2015-09-02,382.9,Polpa Cítrica,2,9,2015
2015-09-03,0.0,,3,9,2015
2015-09-04,352.67,Polpa Cítrica,4,9,2015
2015-09-05,336.0,Polpa Cítrica,5,9,2015
2015-09-06,267.0,Polpa Cítrica,6,9,2015
2015-09-07,268.33,Polpa Cítrica,7,9,2015
2015-09-08,237.77,Polpa Cítrica,8,9,2015
2015-09-09,265.2,Polpa Cítrica,9,9,2015
2015-09-10,280.0,Polpa Cítrica,10,9,2015
2015-09-11,0.0,,11,9,2015
2015-09-12,286.88,Polpa Cítrica,12,9,2015
2015-09-15,0.0,,15,9,2015
2015-09-20,0.0,,20,9,2015
2015-10-01,310.22,Polpa Cítrica,1,10,2015
2015-10-02,0.0,,2,10,2015
2015-10-03,375.0,Polpa Cítrica,3,10,2015
2015-10-04,350.0,Polpa Cítrica,4,10,2015
2015-10-05,0.0,,5,10,2015
2015-10-06,271.0,Polpa Cítrica,6,10,2015
2015-10-07,261.25,Polpa Cítrica,7,10,2015
2015-10-08,235.0,Polpa Cítrica,8,10,2015
2015-10-09,280.0,Polpa Cítrica,9,10,2015
2015-10-10,267.78,Polpa Cítrica,10,10,2015
2015-10-11,273.29,Polpa Cítrica,11,10,2015
2015-10-12,275.0,Polpa Cítrica,12,10,2015
2015-11-01,0.0,,1,11,2015
2015-11-02,370.0,Polpa Cítrica,2,11,2015
2015-11-03,385.0,Polpa Cítrica,3,11,2015
2015-11-04,364.0,Polpa Cítrica,4,11,2015
2015-11-05,340.0,Polpa Cítrica,5,11,2015
2015-11-06,262.5,Polpa Cítrica,6,11,2015
2015-11-07,262.5,Polpa Cítrica,7,11,2015
2015-11-08,247.69,Polpa Cítrica,8,11,2015
2015-11-09,250.0,Polpa Cítrica,9,11,2015
2015-11-10,0.0,,10,11,2015
2015-11-11,276.0,Polpa Cítrica,11,11,2015
2015-11-12,285.59,Polpa Cítrica,12,11,2015
2015-11-30,0.0,,30,11,2015
2015-12-01,315.0,Polpa Cítrica,1,12,2015
2015-12-02,351.43,Polpa Cítrica,2,12,2015
2015-12-03,400.0,Polpa Cítrica,3,12,2015
2015-12-04,0.0,,4,12,2015
2015-12-05,332.62,Polpa Cítrica,5,12,2015
2015-12-06,0.0,,6,12,2015
2015-12-07,0.0,,7,12,2015
2015-12-08,242.45,Polpa Cítrica,8,12,2015
2015-12-09,251.25,Polpa Cítrica,9,12,2015
2015-12-10,0.0,,10,12,2015
2015-12-11,274.41,Polpa Cítrica,11,12,2015
2015-12-12,284.38,Polpa Cítrica,12,12,2015
2015-12-25,0.0,,25,12,2015
2015-12-26,0.0,,26,12,2015
2015-12-27,0.0,,27,12,2015
2015-12-28,0.0,,28,12,2015
2015-12-29,0.0,,29,12,2015
2015-12-30,0.0,,30,12,2015
2015-13-01,320.0,Polpa Cítrica,13,1,2015
2015-13-02,360.0,Polpa Cítrica,13,2,2015
2015-13-04,357.6,Polpa Cítrica,13,4,2015
2015-13-05,336.32,Polpa Cítrica,13,5,2015
2015-13-06,264.25,Polpa Cítrica,13,6,2015
2015-13-07,262.77,Polpa Cítrica,13,7,2015
2015-13-08,251.67,Polpa Cítrica,13,8,2015
2015-13-09,270.0,Polpa Cítrica,13,9,2015
2015-13-10,275.0,Polpa Cítrica,13,10,2015
2015-13-11,267.5,Polpa Cítrica,13,11,2015
2015-13-12,278.53,Polpa Cítrica,13,12,2015
2015-14-01,307.57,Polpa Cítrica,14,1,2015
2015-14-02,360.0,Polpa Cítrica,14,2,2015
2015-14-04,356.5,Polpa Cítrica,14,4,2015
2015-14-05,314.65,Polpa Cítrica,14,5,2015
2015-14-06,270.0,Polpa Cítrica,14,6,2015
2015-14-07,260.3,Polpa Cítrica,14,7,2015
2015-14-08,249.0,Polpa Cítrica,14,8,2015
2015-14-09,261.1,Polpa Cítrica,14,9,2015
2015-14-10,280.0,Polpa Cítrica,14,10,2015
2015-14-11,282.86,Polpa Cítrica,14,11,2015
2015-14-12,274.5,Polpa Cítrica,14,12,2015
2015-15-01,317.5,Polpa Cítrica,15,1,2015
2015-15-04,353.33,Polpa Cítrica,15,4,2015
2015-15-05,305.0,Polpa Cítrica,15,5,2015
2015-15-06,265.0,Polpa Cítrica,15,6,2015
2015-15-07,261.0,Polpa Cítrica,15,7,2015
2015-15-08,247.0,Polpa Cítrica,15,8,2015
2015-15-10,275.05,Polpa Cítrica,15,10,2015
2015-15-11,281.4,Polpa Cítrica,15,11,2015
2015-15-12,283.75,Polpa Cítrica,15,12,2015
2015-16-01,313.75,Polpa Cítrica,16,1,2015
2015-16-04,355.0,Polpa Cítrica,16,4,2015
2015-16-05,315.0,Polpa Cítrica,16,5,2015
2015-16-06,267.5,Polpa Cítrica,16,6,2015
2015-16-07,259.11,Polpa Cítrica,16,7,2015
2015-16-09,254.15,Polpa Cítrica,16,9,2015
2015-16-10,278.93,Polpa Cítrica,16,10,2015
2015-16-11,283.66,Polpa Cítrica,16,11,2015
2015-16-12,276.88,Polpa Cítrica,16,12,2015
2015-17-01,314.44,Polpa Cítrica,17,1,2015
2015-17-03,388.25,Polpa Cítrica,17,3,2015
2015-17-04,362.5,Polpa Cítrica,17,4,2015
2015-17-06,265.0,Polpa Cítrica,17,6,2015
2015-17-07,267.61,Polpa Cítrica,17,7,2015
2015-17-08,246.67,Polpa Cítrica,17,8,2015
2015-17-09,263.0,Polpa Cítrica,17,9,2015
2015-17-10,267.86,Polpa Cítrica,17,10,2015
2015-17-11,281.25,Polpa Cítrica,17,11,2015
2015-17-12,276.44,Polpa Cítrica,17,12,2015
2015-18-01,315.0,Polpa Cítrica,18,1,2015
2015-18-02,369.39,Polpa Cítrica,18,2,2015
2015-18-03,365.0,Polpa Cítrica,18,3,2015
2015-18-04,363.0,Polpa Cítrica,18,4,2015
2015-18-05,295.0,Polpa Cítrica,18,5,2015
2015-18-06,266.25,Polpa Cítrica,18,6,2015
2015-18-07,259.33,Polpa Cítrica,18,7,2015
2015-18-08,234.0,Polpa Cítrica,18,8,2015
2015-18-09,263.33,Polpa Cítrica,18,9,2015
2015-18-10,283.75,Polpa Cítrica,18,10,2015
2015-18-11,278.6,Polpa Cítrica,18,11,2015
2015-18-12,280.71,Polpa Cítrica,18,12,2015
2015-19-01,317.0,Polpa Cítrica,19,1,2015
2015-19-03,380.0,Polpa Cítrica,19,3,2015
2015-19-04,350.0,Polpa Cítrica,19,4,2015
2015-19-05,305.0,Polpa Cítrica,19,5,2015
2015-19-06,271.67,Polpa Cítrica,19,6,2015
2015-19-08,258.32,Polpa Cítrica,19,8,2015
2015-19-09,267.5,Polpa Cítrica,19,9,2015
2015-19-10,272.5,Polpa Cítrica,19,10,2015
2015-19-11,282.14,Polpa Cítrica,19,11,2015
2015-19-12,287.4,Polpa Cítrica,19,12,2015
2015-20-01,310.71,Polpa Cítrica,20,1,2015
2015-20-05,295.44,Polpa Cítrica,20,5,2015
2015-20-06,270.0,Polpa Cítrica,20,6,2015
2015-20-07,268.33,Polpa Cítrica,20,7,2015
2015-20-08,240.0,Polpa Cítrica,20,8,2015
2015-20-10,276.25,Polpa Cítrica,20,10,2015
2015-20-11,279.5,Polpa Cítrica,20,11,2015
2015-20-12,288.11,Polpa Cítrica,20,12,2015
2015-21-01,321.0,Polpa Cítrica,21,1,2015
2015-21-05,280.0,Polpa Cítrica,21,5,2015
2015-21-07,259.17,Polpa Cítrica,21,7,2015
2015-21-08,230.42,Polpa Cítrica,21,8,2015
2015-21-09,259.82,Polpa Cítrica,21,9,2015
2015-21-10,265.71,Polpa Cítrica,21,10,2015
2015-21-11,287.5,Polpa Cítrica,21,11,2015
2015-21-12,288.33,Polpa Cítrica,21,12,2015
2015-22-01,312.25,Polpa Cítrica,22,1,2015
2015-22-04,360.0,Polpa Cítrica,22,4,2015
2015-22-05,289.33,Polpa Cítrica,22,5,2015
2015-22-06,263.33,Polpa Cítrica,22,6,2015
2015-22-07,271.0,Polpa Cítrica,22,7,2015
2015-22-09,275.0,Polpa Cítrica,22,9,2015
2015-22-10,275.7,Polpa Cítrica,22,10,2015
2015-22-11,276.67,Polpa Cítrica,22,11,2015
2015-22-12,291.67,Polpa Cítrica,22,12,2015
2015-23-04,352.5,Polpa Cítrica,23,4,2015
2015-23-05,278.33,Polpa Cítrica,23,5,2015
2015-23-06,267.5,Polpa Cítrica,23,6,2015
2015-23-07,275.96,Polpa Cítrica,23,7,2015
2015-23-09,262.5,Polpa Cítrica,23,9,2015
2015-23-10,270.46,Polpa Cítrica,23,10,2015
2015-23-11,272.0,Polpa Cítrica,23,11,2015
2015-23-12,292.15,Polpa Cítrica,23,12,2015
2015-24-01,315.0,Polpa Cítrica,24,1,2015
2015-24-02,357.0,Polpa Cítrica,24,2,2015
2015-24-03,380.0,Polpa Cítrica,24,3,2015
2015-24-04,352.5,Polpa Cítrica,24,4,2015
2015-24-06,269.0,Polpa Cítrica,24,6,2015
2015-24-07,256.66,Polpa Cítrica,24,7,2015
2015-24-08,239.58,Polpa Cítrica,24,8,2015
2015-24-09,260.0,Polpa Cítrica,24,9,2015
2015-24-10,268.62,Polpa Cítrica,24,10,2015
2015-24-11,278.83,Polpa Cítrica,24,11,2015
2015-24-12,270.0,Polpa Cítrica,24,12,2015
2015-25-04,355.0,Polpa Cítrica,25,4,2015
2015-25-05,291.67,Polpa Cítrica,25,5,2015
2015-25-06,263.75,Polpa Cítrica,25,6,2015
2015-25-07,257.0,Polpa Cítrica,25,7,2015
2015-25-08,217.67,Polpa Cítrica,25,8,2015
2015-25-09,270.0,Polpa Cítrica,25,9,2015
2015-25-10,280.0,Polpa Cítrica,25,10,2015
2015-25-11,280.48,Polpa Cítrica,25,11,2015
2015-26-01,310.0,Polpa Cítrica,26,1,2015
2015-26-02,380.0,Polpa Cítrica,26,2,2015
2015-26-05,293.07,Polpa Cítrica,26,5,2015
2015-26-06,270.0,Polpa Cítrica,26,6,2015
2015-26-07,272.5,Polpa Cítrica,26,7,2015
2015-26-08,220.71,Polpa Cítrica,26,8,2015
2015-26-09,275.0,Polpa Cítrica,26,9,2015
2015-26-10,265.0,Polpa Cítrica,26,10,2015
2015-26-11,272.6,Polpa Cítrica,26,11,2015
2015-27-01,313.38,Polpa Cítrica,27,1,2015
2015-27-02,377.5,Polpa Cítrica,27,2,2015
2015-27-03,357.0,Polpa Cítrica,27,3,2015
2015-27-04,352.5,Polpa Cítrica,27,4,2015
2015-27-05,290.5,Polpa Cítrica,27,5,2015
2015-27-06,258.33,Polpa Cítrica,27,6,2015
2015-27-07,258.5,Polpa Cítrica,27,7,2015
2015-27-08,222.6,Polpa Cítrica,27,8,2015
2015-27-09,270.0,Polpa Cítrica,27,9,2015
2015-27-10,272.5,Polpa Cítrica,27,10,2015
2015-27-11,274.38,Polpa Cítrica,27,11,2015
2015-28-01,316.07,Polpa Cítrica,28,1,2015
2015-28-02,390.0,Polpa Cítrica,28,2,2015
2015-28-03,340.0,Polpa Cítrica,28,3,2015
2015-28-05,290.0,Polpa Cítrica,28,5,2015
2015-28-07,269.91,Polpa Cítrica,28,7,2015
2015-28-08,253.87,Polpa Cítrica,28,8,2015
2015-28-09,270.0,Polpa Cítrica,28,9,2015
2015-28-10,277.5,Polpa Cítrica,28,10,2015
2015-28-11,281.22,Polpa Cítrica,28,11,2015
2015-29-01,366.64,Polpa Cítrica,29,1,2015
2015-29-03,340.0,Polpa Cítrica,29,3,2015
2015-29-04,357.5,Polpa Cítrica,29,4,2015
2015-29-05,295.0,Polpa Cítrica,29,5,2015
2015-29-06,270.0,Polpa Cítrica,29,6,2015
2015-29-07,269.79,Polpa Cítrica,29,7,2015
2015-29-08,248.75,Polpa Cítrica,29,8,2015
2015-29-09,268.33,Polpa Cítrica,29,9,2015
2015-29-10,268.44,Polpa Cítrica,29,10,2015
2015-29-11,280.0,Polpa Cítrica,29,11,2015
2015-30-01,427.5,Polpa Cítrica,30,1,2015
2015-30-03,375.0,Polpa Cítrica,30,3,2015
2015-30-04,363.0,Polpa Cítrica,30,4,2015
2015-30-05,268.75,Polpa Cítrica,30,5,2015
2015-30-06,250.0,Polpa Cítrica,30,6,2015
2015-30-07,262.23,Polpa Cítrica,30,7,2015
2015-30-08,250.0,Polpa Cítrica,30,8,2015
2015-30-09,266.0,Polpa Cítrica,30,9,2015
2015-30-10,275.29,Polpa Cítrica,30,10,2015
2015-31-01,365.0,Polpa Cítrica,31,1,2015
2015-31-03,370.0,Polpa Cítrica,31,3,2015
2015-31-05,275.0,Polpa Cítrica,31,5,2015
2015-31-07,260.03,Polpa Cítrica,31,7,2015
2015-31-08,260.0,Polpa Cítrica,31,8,2015
2015-31-10,277.5,Polpa Cítrica,31,10,2015
2016-01-01,0.0,,1,1,2016
2016-01-02,349.0,Polpa Cítrica,2,1,2016
2016-01-03,379.26,Polpa Cítrica,3,1,2016
2016-01-04,426.0,Polpa Cítrica,4,1,2016
2016-01-05,0.0,,5,1,2016
2016-01-06,481.72,Polpa Cítrica,6,1,2016
2016-01-07,457.88,Polpa Cítrica,7,1,2016
2016-01-08,470.0,Polpa Cítrica,8,1,2016
2016-01-09,545.0,Polpa Cítrica,9,1,2016
2016-01-10,479.29,Polpa Cítrica,10,1,2016
2016-01-11,650.0,Polpa Cítrica,11,1,2016
2016-01-12,550.0,Polpa Cítrica,12,1,2016
2016-02-01,0.0,,1,2,2016
2016-02-02,323.0,Polpa Cítrica,2,2,2016
2016-02-03,369.82,Polpa Cítrica,3,2,2016
2016-02-04,445.0,Polpa Cítrica,4,2,2016
2016-02-05,502.5,Polpa Cítrica,5,2,2016
2016-02-06,438.33,Polpa Cítrica,6,2,2016
2016-02-07,428.22,Polpa Cítrica,7,2,2016
2016-02-08,451.25,Polpa Cítrica,8,2,2016
2016-02-09,600.0,Polpa Cítrica,9,2,2016
2016-02-10,370.0,Polpa Cítrica,10,2,2016
2016-02-11,520.0,Polpa Cítrica,11,2,2016
2016-02-12,543.75,Polpa Cítrica,12,2,2016
2016-02-14,0.0,,14,2,2016
2016-02-21,0.0,,21,2,2016
2016-02-23,0.0,,23,2,2016
2016-02-27,0.0,,27,2,2016
2016-02-28,0.0,,28,2,2016
2016-02-29,0.0,,29,2,2016
2016-02-30,0.0,,30,2,2016
2016-03-01,0.0,,1,3,2016
2016-03-02,295.0,Polpa Cítrica,2,3,2016
2016-03-03,382.25,Polpa Cítrica,3,3,2016
2016-03-04,0.0,,4,3,2016
2016-03-05,484.0,Polpa Cítrica,5,3,2016
2016-03-06,415.0,Polpa Cítrica,6,3,2016
2016-03-07,412.0,Polpa Cítrica,7,3,2016
2016-03-08,503.33,Polpa Cítrica,8,3,2016
2016-03-09,565.0,Polpa Cítrica,9,3,2016
2016-03-10,487.83,Polpa Cítrica,10,3,2016
2016-03-11,572.5,Polpa Cítrica,11,3,2016
2016-03-12,688.33,Polpa Cítrica,12,3,2016
2016-03-13,0.0,,13,3,2016
2016-03-20,0.0,,20,3,2016
2016-03-25,0.0,,25,3,2016
2016-03-26,0.0,,26,3,2016
2016-03-27,0.0,,27,3,2016
2016-04-01,330.0,Polpa Cítrica,1,4,2016
2016-04-02,358.75,Polpa Cítrica,2,4,2016
2016-04-03,393.43,Polpa Cítrica,3,4,2016
2016-04-04,432.5,Polpa Cítrica,4,4,2016
2016-04-05,499.29,Polpa Cítrica,5,4,2016
2016-04-06,405.33,Polpa Cítrica,6,4,2016
2016-04-07,387.5,Polpa Cítrica,7,4,2016
2016-04-08,525.0,Polpa Cítrica,8,4,2016
2016-04-09,0.0,,9,4,2016
2016-04-10,592.43,Polpa Cítrica,10,4,2016
2016-04-11,390.0,Polpa Cítrica,11,4,2016
2016-04-12,0.0,,12,4,2016
2016-04-17,0.0,,17,4,2016
2016-04-21,0.0,,21,4,2016
2016-04-23,0.0,,23,4,2016
2016-04-24,0.0,,24,4,2016
2016-05-01,312.0,Polpa Cítrica,1,5,2016
2016-05-02,335.71,Polpa Cítrica,2,5,2016
2016-05-03,415.0,Polpa Cítrica,3,5,2016
2016-05-04,420.0,Polpa Cítrica,4,5,2016
2016-05-05,517.5,Polpa Cítrica,5,5,2016
2016-05-06,420.0,Polpa Cítrica,6,5,2016
2016-05-07,456.25,Polpa Cítrica,7,5,2016
2016-05-08,482.0,Polpa Cítrica,8,5,2016
2016-05-09,520.0,Polpa Cítrica,9,5,2016
2016-05-10,581.0,Polpa Cítrica,10,5,2016
2016-05-11,0.0,,11,5,2016
2016-05-12,390.0,Polpa Cítrica,12,5,2016
2016-05-22,0.0,,22,5,2016
2016-05-27,0.0,,27,5,2016
2016-05-29,0.0,,29,5,2016
2016-06-01,333.0,Polpa Cítrica,1,6,2016
2016-06-02,346.25,Polpa Cítrica,2,6,2016
2016-06-03,0.0,,3,6,2016
2016-06-04,0.0,,4,6,2016
2016-06-05,450.0,Polpa Cítrica,5,6,2016
2016-06-06,425.0,Polpa Cítrica,6,6,2016
2016-06-07,490.0,Polpa Cítrica,7,6,2016
2016-06-08,461.67,Polpa Cítrica,8,6,2016
2016-06-09,506.67,Polpa Cítrica,9,6,2016
2016-06-10,634.17,Polpa Cítrica,10,6,2016
2016-06-11,0.0,,11,6,2016
2016-06-12,690.0,Polpa Cítrica,12,6,2016
2016-07-01,333.82,Polpa Cítrica,1,7,2016
2016-07-02,0.0,,2,7,2016
2016-07-03,390.43,Polpa Cítrica,3,7,2016
2016-07-04,452.67,Polpa Cítrica,4,7,2016
2016-07-05,492.86,Polpa Cítrica,5,7,2016
2016-07-06,406.0,Polpa Cítrica,6,7,2016
2016-07-07,436.67,Polpa Cítrica,7,7,2016
2016-07-08,550.0,Polpa Cítrica,8,7,2016
2016-07-09,540.0,Polpa Cítrica,9,7,2016
2016-07-10,549.0,Polpa Cítrica,10,7,2016
2016-07-11,596.25,Polpa Cítrica,11,7,2016
2016-07-12,581.68,Polpa Cítrica,12,7,2016
2016-07-17,0.0,,17,7,2016
2016-07-24,0.0,,24,7,2016
2016-08-01,353.75,Polpa Cítrica,1,8,2016
2016-08-02,315.0,Polpa Cítrica,2,8,2016
2016-08-03,415.0,Polpa Cítrica,3,8,2016
2016-08-04,487.5,Polpa Cítrica,4,8,2016
2016-08-05,0.0,,5,8,2016
2016-08-06,436.5,Polpa Cítrica,6,8,2016
2016-08-07,443.33,Polpa Cítrica,7,8,2016
2016-08-08,540.0,Polpa Cítrica,8,8,2016
2016-08-09,516.25,Polpa Cítrica,9,8,2016
2016-08-10,638.0,Polpa Cítrica,10,8,2016
2016-08-11,391.67,Polpa Cítrica,11,8,2016
2016-08-12,653.75,Polpa Cítrica,12,8,2016
2016-08-14,0.0,,14,8,2016
2016-08-22,0.0,,22,8,2016
2016-09-01,322.5,Polpa Cítrica,1,9,2016
2016-09-02,0.0,,2,9,2016
2016-09-03,421.25,Polpa Cítrica,3,9,2016
2016-09-04,0.0,,4,9,2016
2016-09-05,498.6,Polpa Cítrica,5,9,2016
2016-09-06,413.33,Polpa Cítrica,6,9,2016
2016-09-07,0.0,,7,9,2016
2016-09-08,482.0,Polpa Cítrica,8,9,2016
2016-09-09,488.33,Polpa Cítrica,9,9,2016
2016-09-10,0.0,,10,9,2016
2016-09-11,528.0,Polpa Cítrica,11,9,2016
2016-09-12,681.67,Polpa Cítrica,12,9,2016
2016-10-01,340.0,Polpa Cítrica,1,10,2016
2016-10-02,365.0,Polpa Cítrica,2,10,2016
2016-10-03,415.0,Polpa Cítrica,3,10,2016
2016-10-04,0.0,,4,10,2016
2016-10-05,499.11,Polpa Cítrica,5,10,2016
2016-10-06,458.5,Polpa Cítrica,6,10,2016
2016-10-07,0.0,,7,10,2016
2016-10-08,482.92,Polpa Cítrica,8,10,2016
2016-10-09,476.67,Polpa Cítrica,9,10,2016
2016-10-10,628.33,Polpa Cítrica,10,10,2016
2016-10-11,537.19,Polpa Cítrica,11,10,2016
2016-10-12,0.0,,12,10,2016
2016-10-16,0.0,,16,10,2016
2016-10-17,0.0,,17,10,2016
2016-10-23,0.0,,23,10,2016
2016-10-30,0.0,,30,10,2016
2016-11-01,315.0,Polpa Cítrica,1,11,2016
2016-11-02,351.25,Polpa Cítrica,2,11,2016
2016-11-03,422.0,Polpa Cítrica,3,11,2016
2016-11-04,0.0,,4,11,2016
2016-11-05,496.52,Polpa Cítrica,5,11,2016
2016-11-06,452.92,Polpa Cítrica,6,11,2016
2016-11-07,431.0,Polpa Cítrica,7,11,2016
2016-11-08,518.67,Polpa Cítrica,8,11,2016
2016-11-09,0.0,,9,11,2016
2016-11-10,536.67,Polpa Cítrica,10,11,2016
2016-11-11,537.0,Polpa Cítrica,11,11,2016
2016-11-12,285.0,Polpa Cítrica,12,11,2016
2016-11-20,0.0,,20,11,2016
2016-12-01,343.6,Polpa Cítrica,1,12,2016
2016-12-02,386.0,Polpa Cítrica,2,12,2016
2016-12-03,410.0,Polpa Cítrica,3,12,2016
2016-12-04,505.0,Polpa Cítrica,4,12,2016
2016-12-05,505.62,Polpa Cítrica,5,12,2016
2016-12-06,463.33,Polpa Cítrica,6,12,2016
2016-12-07,445.83,Polpa Cítrica,7,12,2016
2016-12-08,498.22,Polpa Cítrica,8,12,2016
2016-12-09,555.0,Polpa Cítrica,9,12,2016
2016-12-10,0.0,,10,12,2016
2016-12-11,473.33,Polpa Cítrica,11,12,2016
2016-12-12,655.0,Polpa Cítrica,12,12,2016
2016-12-18,0.0,,18,12,2016
2016-12-24,0.0,,24,12,2016
2016-12-25,0.0,,25,12,2016
2016-12-26,0.0,,26,12,2016
2016-13-01,323.33,Polpa Cítrica,13,1,2016
2016-13-02,370.83,Polpa Cítrica,13,2,2016
2016-13-04,491.25,Polpa Cítrica,13,4,2016
2016-13-05,500.0,Polpa Cítrica,13,5,2016
2016-13-06,416.67,Polpa Cítrica,13,6,2016
2016-13-07,497.0,Polpa Cítrica,13,7,2016
2016-13-08,470.0,Polpa Cítrica,13,8,2016
2016-13-09,502.0,Polpa Cítrica,13,9,2016
2016-13-10,582.5,Polpa Cítrica,13,10,2016
2016-13-11,522.5,Polpa Cítrica,13,11,2016
2016-13-12,380.0,Polpa Cítrica,13,12,2016
2016-14-01,341.67,Polpa Cítrica,14,1,2016
2016-14-03,414.0,Polpa Cítrica,14,3,2016
2016-14-04,502.5,Polpa Cítrica,14,4,2016
2016-14-05,493.33,Polpa Cítrica,14,5,2016
2016-14-06,437.55,Polpa Cítrica,14,6,2016
2016-14-07,462.5,Polpa Cítrica,14,7,2016
2016-14-09,532.5,Polpa Cítrica,14,9,2016
2016-14-10,592.5,Polpa Cítrica,14,10,2016
2016-14-11,512.5,Polpa Cítrica,14,11,2016
2016-14-12,546.67,Polpa Cítrica,14,12,2016
2016-15-01,330.0,Polpa Cítrica,15,1,2016
2016-15-02,365.0,Polpa Cítrica,15,2,2016
2016-15-03,425.0,Polpa Cítrica,15,3,2016
2016-15-04,513.33,Polpa Cítrica,15,4,2016
2016-15-05,495.0,Polpa Cítrica,15,5,2016
2016-15-06,420.83,Polpa Cítrica,15,6,2016
2016-15-07,435.0,Polpa Cítrica,15,7,2016
2016-15-08,420.83,Polpa Cítrica,15,8,2016
2016-15-09,559.0,Polpa Cítrica,15,9,2016
2016-15-10,566.0,Polpa Cítrica,15,10,2016
2016-15-11,450.0,Polpa Cítrica,15,11,2016
2016-15-12,722.0,Polpa Cítrica,15,12,2016
2016-16-01,335.0,Polpa Cítrica,16,1,2016
2016-16-02,370.0,Polpa Cítrica,16,2,2016
2016-16-03,397.5,Polpa Cítrica,16,3,2016
2016-16-04,495.0,Polpa Cítrica,16,4,2016
2016-16-05,490.0,Polpa Cítrica,16,5,2016
2016-16-06,415.68,Polpa Cítrica,16,6,2016
2016-16-07,485.19,Polpa Cítrica,16,7,2016
2016-16-08,511.84,Polpa Cítrica,16,8,2016
2016-16-09,576.6,Polpa Cítrica,16,9,2016
2016-16-11,555.0,Polpa Cítrica,16,11,2016
2016-16-12,690.71,Polpa Cítrica,16,12,2016
2016-17-01,295.0,Polpa Cítrica,17,1,2016
2016-17-02,375.0,Polpa Cítrica,17,2,2016
2016-17-03,412.0,Polpa Cítrica,17,3,2016
2016-17-05,495.83,Polpa Cítrica,17,5,2016
2016-17-06,463.62,Polpa Cítrica,17,6,2016
2016-17-08,456.67,Polpa Cítrica,17,8,2016
2016-17-09,448.0,Polpa Cítrica,17,9,2016
2016-17-11,609.29,Polpa Cítrica,17,11,2016
2016-17-12,380.0,Polpa Cítrica,17,12,2016
2016-18-01,347.5,Polpa Cítrica,18,1,2016
2016-18-02,310.0,Polpa Cítrica,18,2,2016
2016-18-03,416.5,Polpa Cítrica,18,3,2016
2016-18-04,486.67,Polpa Cítrica,18,4,2016
2016-18-05,490.0,Polpa Cítrica,18,5,2016
2016-18-06,442.73,Polpa Cítrica,18,6,2016
2016-18-07,456.25,Polpa Cítrica,18,7,2016
2016-18-08,495.46,Polpa Cítrica,18,8,2016
2016-18-09,498.0,Polpa Cítrica,18,9,2016
2016-18-10,559.0,Polpa Cítrica,18,10,2016
2016-18-11,557.5,Polpa Cítrica,18,11,2016
2016-19-01,326.47,Polpa Cítrica,19,1,2016
2016-19-02,397.0,Polpa Cítrica,19,2,2016
2016-19-03,416.67,Polpa Cítrica,19,3,2016
2016-19-04,501.4,Polpa Cítrica,19,4,2016
2016-19-05,480.0,Polpa Cítrica,19,5,2016
2016-19-06,433.33,Polpa Cítrica,19,6,2016
2016-19-07,439.17,Polpa Cítrica,19,7,2016
2016-19-08,483.33,Polpa Cítrica,19,8,2016
2016-19-09,510.0,Polpa Cítrica,19,9,2016
2016-19-10,547.0,Polpa Cítrica,19,10,2016
2016-19-11,608.12,Polpa Cítrica,19,11,2016
2016-19-12,380.0,Polpa Cítrica,19,12,2016
2016-20-01,308.89,Polpa Cítrica,20,1,2016
2016-20-02,380.0,Polpa Cítrica,20,2,2016
2016-20-04,511.67,Polpa Cítrica,20,4,2016
2016-20-05,488.8,Polpa Cítrica,20,5,2016
2016-20-06,438.4,Polpa Cítrica,20,6,2016
2016-20-07,458.6,Polpa Cítrica,20,7,2016
2016-20-08,460.0,Polpa Cítrica,20,8,2016
2016-20-09,577.6,Polpa Cítrica,20,9,2016
2016-20-10,677.85,Polpa Cítrica,20,10,2016
2016-20-12,740.0,Polpa Cítrica,20,12,2016
2016-21-01,321.33,Polpa Cítrica,21,1,2016
2016-21-03,415.0,Polpa Cítrica,21,3,2016
2016-21-05,491.25,Polpa Cítrica,21,5,2016
2016-21-06,457.0,Polpa Cítrica,21,6,2016
2016-21-07,453.2,Polpa Cítrica,21,7,2016
2016-21-08,510.0,Polpa Cítrica,21,8,2016
2016-21-09,616.25,Polpa Cítrica,21,9,2016
2016-21-10,546.48,Polpa Cítrica,21,10,2016
2016-21-11,678.0,Polpa Cítrica,21,11,2016
2016-21-12,683.33,Polpa Cítrica,21,12,2016
2016-22-01,317.2,Polpa Cítrica,22,1,2016
2016-22-02,370.0,Polpa Cítrica,22,2,2016
2016-22-03,425.0,Polpa Cítrica,22,3,2016
2016-22-04,507.0,Polpa Cítrica,22,4,2016
2016-22-06,462.0,Polpa Cítrica,22,6,2016
2016-22-07,473.82,Polpa Cítrica,22,7,2016
2016-22-09,572.0,Polpa Cítrica,22,9,2016
2016-22-10,710.0,Polpa Cítrica,22,10,2016
2016-22-11,637.53,Polpa Cítrica,22,11,2016
2016-22-12,612.5,Polpa Cítrica,22,12,2016
2016-23-01,321.0,Polpa Cítrica,23,1,2016
2016-23-03,410.67,Polpa Cítrica,23,3,2016
2016-23-05,505.33,Polpa Cítrica,23,5,2016
2016-23-06,446.43,Polpa Cítrica,23,6,2016
2016-23-07,463.0,Polpa Cítrica,23,7,2016
2016-23-08,501.67,Polpa Cítrica,23,8,2016
2016-23-09,580.71,Polpa Cítrica,23,9,2016
2016-23-11,593.33,Polpa Cítrica,23,11,2016
2016-23-12,695.0,Polpa Cítrica,23,12,2016
2016-24-01,345.0,Polpa Cítrica,24,1,2016
2016-24-02,420.0,Polpa Cítrica,24,2,2016
2016-24-03,421.0,Polpa Cítrica,24,3,2016
2016-24-05,500.0,Polpa Cítrica,24,5,2016
2016-24-06,433.75,Polpa Cítrica,24,6,2016
2016-24-08,523.49,Polpa Cítrica,24,8,2016
2016-24-09,467.5,Polpa Cítrica,24,9,2016
2016-24-10,675.0,Polpa Cítrica,24,10,2016
2016-24-11,577.5,Polpa Cítrica,24,11,2016
2016-25-01,308.33,Polpa Cítrica,25,1,2016
2016-25-02,360.0,Polpa Cítrica,25,2,2016
2016-25-04,506.67,Polpa Cítrica,25,4,2016
2016-25-05,497.14,Polpa Cítrica,25,5,2016
2016-25-06,407.14,Polpa Cítrica,25,6,2016
2016-25-07,460.0,Polpa Cítrica,25,7,2016
2016-25-08,468.85,Polpa Cítrica,25,8,2016
2016-25-09,478.75,Polpa Cítrica,25,9,2016
2016-25-10,517.5,Polpa Cítrica,25,10,2016
2016-25-11,551.67,Polpa Cítrica,25,11,2016
2016-26-01,322.9,Polpa Cítrica,26,1,2016
2016-26-02,380.0,Polpa Cítrica,26,2,2016
2016-26-04,497.5,Polpa Cítrica,26,4,2016
2016-26-05,495.0,Polpa Cítrica,26,5,2016
2016-26-06,406.0,Polpa Cítrica,26,6,2016
2016-26-07,505.0,Polpa Cítrica,26,7,2016
2016-26-08,535.0,Polpa Cítrica,26,8,2016
2016-26-09,550.0,Polpa Cítrica,26,9,2016
2016-26-10,455.0,Polpa Cítrica,26,10,2016
2016-26-11,619.0,Polpa Cítrica,26,11,2016
2016-27-01,317.14,Polpa Cítrica,27,1,2016
2016-27-04,510.0,Polpa Cítrica,27,4,2016
2016-27-06,450.33,Polpa Cítrica,27,6,2016
2016-27-07,486.0,Polpa Cítrica,27,7,2016
2016-27-08,552.5,Polpa Cítrica,27,8,2016
2016-27-09,592.86,Polpa Cítrica,27,9,2016
2016-27-10,636.25,Polpa Cítrica,27,10,2016
2016-27-11,370.0,Polpa Cítrica,27,11,2016
2016-27-12,583.33,Polpa Cítrica,27,12,2016
2016-28-01,329.09,Polpa Cítrica,28,1,2016
2016-28-03,448.0,Polpa Cítrica,28,3,2016
2016-28-04,498.5,Polpa Cítrica,28,4,2016
2016-28-05,510.0,Polpa Cítrica,28,5,2016
2016-28-06,469.7,Polpa Cítrica,28,6,2016
2016-28-07,505.4,Polpa Cítrica,28,7,2016
2016-28-08,690.0,Polpa Cítrica,28,8,2016
2016-28-09,569.0,Polpa Cítrica,28,9,2016
2016-28-10,587.86,Polpa Cítrica,28,10,2016
2016-28-11,680.0,Polpa Cítrica,28,11,2016
2016-28-12,741.67,Polpa Cítrica,28,12,2016
2016-29-01,333.74,Polpa Cítrica,29,1,2016
2016-29-03,457.75,Polpa Cítrica,29,3,2016
2016-29-04,501.67,Polpa Cítrica,29,4,2016
2016-29-06,485.11,Polpa Cítrica,29,6,2016
2016-29-07,474.0,Polpa Cítrica,29,7,2016
2016-29-08,570.0,Polpa Cítrica,29,8,2016
2016-29-09,489.22,Polpa Cítrica,29,9,2016
2016-29-10,526.25,Polpa Cítrica,29,10,2016
2016-29-11,690.0,Polpa Cítrica,29,11,2016
2016-29-12,730.0,Polpa Cítrica,29,12,2016
2016-30-01,326.67,Polpa Cítrica,30,1,2016
2016-30-03,422.5,Polpa Cítrica,30,3,2016
2016-30-04,488.33,Polpa Cítrica,30,4,2016
2016-30-05,507.5,Polpa Cítrica,30,5,2016
2016-30-06,454.77,Polpa Cítrica,30,6,2016
2016-30-07,523.33,Polpa Cítrica,30,7,2016
2016-30-08,506.25,Polpa Cítrica,30,8,2016
2016-30-09,617.2,Polpa Cítrica,30,9,2016
2016-30-11,495.0,Polpa Cítrica,30,11,2016
2016-30-12,555.0,Polpa Cítrica,30,12,2016
2016-31-01,340.0,Polpa Cítrica,31,1,2016
2016-31-03,420.0,Polpa Cítrica,31,3,2016
2016-31-05,489.17,Polpa Cítrica,31,5,2016
2016-31-08,535.67,Polpa Cítrica,31,8,2016
2016-31-10,462.5,Polpa Cítrica,31,10,2016
2017-01-01,0.0,,1,1,2017
2017-01-02,502.5,Polpa Cítrica,2,1,2017
2017-01-03,0.0,,3,1,2017
2017-01-04,0.0,,4,1,2017
2017-01-05,490.0,Polpa Cítrica,5,1,2017
2017-01-06,294.85,Polpa Cítrica,6,1,2017
2017-01-07,243.75,Polpa Cítrica,7,1,2017
2017-01-08,171.0,Polpa Cítrica,8,1,2017
2017-01-09,184.0,Polpa Cítrica,9,1,2017
2017-01-10,155.0,Polpa Cítrica,10,1,2017
2017-01-11,239.88,Polpa Cítrica,11,1,2017
2017-01-12,258.87,Polpa Cítrica,12,1,2017
2017-01-15,0.0,,15,1,2017
2017-01-22,0.0,,22,1,2017
2017-01-27,0.0,,27,1,2017
2017-01-28,0.0,,28,1,2017
2017-01-29,0.0,,29,1,2017
2017-02-01,665.0,Polpa Cítrica,1,2,2017
2017-02-02,0.0,,2,2,2017
2017-02-03,740.0,Polpa Cítrica,3,2,2017
2017-02-04,0.0,,4,2,2017
2017-02-05,520.0,Polpa Cítrica,5,2,2017
2017-02-06,269.17,Polpa Cítrica,6,2,2017
2017-02-07,210.0,Polpa Cítrica,7,2,2017
2017-02-08,171.5,Polpa Cítrica,8,2,2017
2017-02-09,187.14,Polpa Cítrica,9,2,2017
2017-02-10,190.25,Polpa Cítrica,10,2,2017
2017-02-11,240.47,Polpa Cítrica,11,2,2017
2017-02-12,271.54,Polpa Cítrica,12,2,2017
2017-02-18,0.0,,18,2,2017
2017-02-19,0.0,,19,2,2017
2017-02-26,0.0,,26,2,2017
2017-02-27,0.0,,27,2,2017
2017-02-28,0.0,,28,2,2017
2017-02-29,0.0,,29,2,2017
2017-02-30,0.0,,30,2,2017
2017-03-01,735.0,Polpa Cítrica,1,3,2017
2017-03-02,0.0,,2,3,2017
2017-03-03,725.0,Polpa Cítrica,3,3,2017
2017-03-04,656.5,Polpa Cítrica,4,3,2017
2017-03-05,395.0,Polpa Cítrica,5,3,2017
2017-03-06,277.8,Polpa Cítrica,6,3,2017
2017-03-07,234.71,Polpa Cítrica,7,3,2017
2017-03-08,182.27,Polpa Cítrica,8,3,2017
2017-03-09,201.67,Polpa Cítrica,9,3,2017
2017-03-10,193.29,Polpa Cítrica,10,3,2017
2017-03-11,238.58,Polpa Cítrica,11,3,2017
2017-03-12,257.5,Polpa Cítrica,12,3,2017
2017-03-13,0.0,,13,3,2017
2017-03-18,0.0,,18,3,2017
2017-03-19,0.0,,19,3,2017
2017-03-25,0.0,,25,3,2017
2017-03-26,0.0,,26,3,2017
2017-04-01,740.0,Polpa Cítrica,1,4,2017
2017-04-02,0.0,,2,4,2017
2017-04-03,621.0,Polpa Cítrica,3,4,2017
2017-04-04,630.0,Polpa Cítrica,4,4,2017
2017-04-05,0.0,,5,4,2017
2017-04-06,0.0,,6,4,2017
2017-04-07,234.78,Polpa Cítrica,7,4,2017
2017-04-08,208.58,Polpa Cítrica,8,4,2017
2017-04-09,193.75,Polpa Cítrica,9,4,2017
2017-04-10,208.16,Polpa Cítrica,10,4,2017
2017-04-11,236.36,Polpa Cítrica,11,4,2017
2017-04-12,275.0,Polpa Cítrica,12,4,2017
2017-04-14,0.0,,14,4,2017
2017-04-15,0.0,,15,4,2017
2017-04-16,0.0,,16,4,2017
2017-04-17,0.0,,17,4,2017
2017-04-20,0.0,,20,4,2017
2017-04-21,0.0,,21,4,2017
2017-04-23,0.0,,23,4,2017
2017-04-25,0.0,,25,4,2017
2017-04-26,0.0,,26,4,2017
2017-04-30,0.0,,30,4,2017
2017-05-01,730.0,Polpa Cítrica,1,5,2017
2017-05-02,0.0,,2,5,2017
2017-05-03,0.0,,3,5,2017
2017-05-04,633.33,Polpa Cítrica,4,5,2017
2017-05-05,450.0,Polpa Cítrica,5,5,2017
2017-05-06,295.09,Polpa Cítrica,6,5,2017
2017-05-07,217.22,Polpa Cítrica,7,5,2017
2017-05-08,202.5,Polpa Cítrica,8,5,2017
2017-05-09,195.33,Polpa Cítrica,9,5,2017
2017-05-10,190.38,Polpa Cítrica,10,5,2017
2017-05-11,215.0,Polpa Cítrica,11,5,2017
2017-05-12,268.08,Polpa Cítrica,12,5,2017
2017-05-21,0.0,,21,5,2017
2017-05-22,0.0,,22,5,2017
2017-05-28,0.0,,28,5,2017
2017-06-01,651.25,Polpa Cítrica,1,6,2017
2017-06-02,0.0,,2,6,2017
2017-06-03,687.5,Polpa Cítrica,3,6,2017
2017-06-04,612.5,Polpa Cítrica,4,6,2017
2017-06-05,0.0,,5,6,2017
2017-06-06,298.33,Polpa Cítrica,6,6,2017
2017-06-07,219.09,Polpa Cítrica,7,6,2017
2017-06-08,175.0,Polpa Cítrica,8,6,2017
2017-06-09,200.0,Polpa Cítrica,9,6,2017
2017-06-10,197.2,Polpa Cítrica,10,6,2017
2017-06-11,246.67,Polpa Cítrica,11,6,2017
2017-06-12,257.5,Polpa Cítrica,12,6,2017
2017-06-19,0.0,,19,6,2017
2017-07-01,700.0,Polpa Cítrica,1,7,2017
2017-07-02,745.0,Polpa Cítrica,2,7,2017
2017-07-03,370.0,Polpa Cítrica,3,7,2017
2017-07-04,592.5,Polpa Cítrica,4,7,2017
2017-07-05,0.0,,5,7,2017
2017-07-06,284.75,Polpa Cítrica,6,7,2017
2017-07-07,241.06,Polpa Cítrica,7,7,2017
2017-07-08,185.0,Polpa Cítrica,8,7,2017
2017-07-09,179.29,Polpa Cítrica,9,7,2017
2017-07-10,196.86,Polpa Cítrica,10,7,2017
2017-07-11,245.36,Polpa Cítrica,11,7,2017
2017-07-12,266.67,Polpa Cítrica,12,7,2017
2017-08-01,0.0,,1,8,2017
2017-08-02,385.0,Polpa Cítrica,2,8,2017
2017-08-03,370.0,Polpa Cítrica,3,8,2017
2017-08-04,0.0,,4,8,2017
2017-08-05,450.0,Polpa Cítrica,5,8,2017
2017-08-06,288.01,Polpa Cítrica,6,8,2017
2017-08-07,191.88,Polpa Cítrica,7,8,2017
2017-08-08,191.25,Polpa Cítrica,8,8,2017
2017-08-09,188.71,Polpa Cítrica,9,8,2017
2017-08-10,167.5,Polpa Cítrica,10,8,2017
2017-08-11,248.5,Polpa Cítrica,11,8,2017
2017-08-12,265.83,Polpa Cítrica,12,8,2017
2017-09-01,736.67,Polpa Cítrica,1,9,2017
2017-09-02,845.0,Polpa Cítrica,2,9,2017
2017-09-03,567.5,Polpa Cítrica,3,9,2017
2017-09-04,0.0,,4,9,2017
2017-09-05,422.5,Polpa Cítrica,5,9,2017
2017-09-06,286.0,Polpa Cítrica,6,9,2017
2017-09-07,145.0,Polpa Cítrica,7,9,2017
2017-09-08,187.08,Polpa Cítrica,8,9,2017
2017-09-09,185.38,Polpa Cítrica,9,9,2017
2017-09-10,194.62,Polpa Cítrica,10,9,2017
2017-09-11,229.41,Polpa Cítrica,11,9,2017
2017-09-12,271.11,Polpa Cítrica,12,9,2017
2017-09-24,0.0,,24,9,2017
2017-10-01,710.0,Polpa Cítrica,1,10,2017
2017-10-02,385.0,Polpa Cítrica,2,10,2017
2017-10-03,701.67,Polpa Cítrica,3,10,2017
2017-10-04,605.0,Polpa Cítrica,4,10,2017
2017-10-05,436.25,Polpa Cítrica,5,10,2017
2017-10-06,257.25,Polpa Cítrica,6,10,2017
2017-10-07,162.5,Polpa Cítrica,7,10,2017
2017-10-08,171.88,Polpa Cítrica,8,10,2017
2017-10-09,145.0,Polpa Cítrica,9,10,2017
2017-10-10,229.33,Polpa Cítrica,10,10,2017
2017-10-11,256.38,Polpa Cítrica,11,10,2017
2017-10-12,265.0,Polpa Cítrica,12,10,2017
2017-11-01,552.5,Polpa Cítrica,1,11,2017
2017-11-02,395.0,Polpa Cítrica,2,11,2017
2017-11-03,680.0,Polpa Cítrica,3,11,2017
2017-11-04,595.0,Polpa Cítrica,4,11,2017
2017-11-05,391.68,Polpa Cítrica,5,11,2017
2017-11-06,0.0,,6,11,2017
2017-11-07,180.0,Polpa Cítrica,7,11,2017
2017-11-08,199.0,Polpa Cítrica,8,11,2017
2017-11-09,198.12,Polpa Cítrica,9,11,2017
2017-11-10,213.69,Polpa Cítrica,10,11,2017
2017-11-11,243.38,Polpa Cítrica,11,11,2017
2017-11-12,265.0,Polpa Cítrica,12,11,2017
2017-12-01,730.0,Polpa Cítrica,1,12,2017
2017-12-02,0.0,,2,12,2017
2017-12-03,0.0,,3,12,2017
2017-12-04,595.0,Polpa Cítrica,4,12,2017
2017-12-05,432.0,Polpa Cítrica,5,12,2017
2017-12-06,277.5,Polpa Cítrica,6,12,2017
2017-12-07,185.0,Polpa Cítrica,7,12,2017
2017-12-08,182.92,Polpa Cítrica,8,12,2017
2017-12-09,189.92,Polpa Cítrica,9,12,2017
2017-12-10,221.19,Polpa Cítrica,10,12,2017
2017-12-11,289.0,Polpa Cítrica,11,12,2017
2017-12-12,279.0,Polpa Cítrica,12,12,2017
2017-12-24,0.0,,24,12,2017
2017-12-25,0.0,,25,12,2017
2017-13-01,626.67,Polpa Cítrica,13,1,2017
2017-13-02,765.0,Polpa Cítrica,13,2,2017
2017-13-04,690.0,Polpa Cítrica,13,4,2017
2017-13-05,404.67,Polpa Cítrica,13,5,2017
2017-13-06,303.0,Polpa Cítrica,13,6,2017
2017-13-07,173.85,Polpa Cítrica,13,7,2017
2017-13-08,200.0,Polpa Cítrica,13,8,2017
2017-13-09,181.69,Polpa Cítrica,13,9,2017
2017-13-10,227.5,Polpa Cítrica,13,10,2017
2017-13-11,253.89,Polpa Cítrica,13,11,2017
2017-13-12,268.42,Polpa Cítrica,13,12,2017
2017-14-01,380.0,Polpa Cítrica,14,1,2017
2017-14-02,707.5,Polpa Cítrica,14,2,2017
2017-14-03,705.0,Polpa Cítrica,14,3,2017
2017-14-05,415.0,Polpa Cítrica,14,5,2017
2017-14-06,298.33,Polpa Cítrica,14,6,2017
2017-14-07,181.93,Polpa Cítrica,14,7,2017
2017-14-08,196.67,Polpa Cítrica,14,8,2017
2017-14-09,171.19,Polpa Cítrica,14,9,2017
2017-14-10,214.55,Polpa Cítrica,14,10,2017
2017-14-11,254.85,Polpa Cítrica,14,11,2017
2017-14-12,260.45,Polpa Cítrica,14,12,2017
2017-15-02,765.0,Polpa Cítrica,15,2,2017
2017-15-03,690.0,Polpa Cítrica,15,3,2017
2017-15-05,377.5,Polpa Cítrica,15,5,2017
2017-15-06,275.0,Polpa Cítrica,15,6,2017
2017-15-07,182.0,Polpa Cítrica,15,7,2017
2017-15-08,199.17,Polpa Cítrica,15,8,2017
2017-15-09,183.25,Polpa Cítrica,15,9,2017
2017-15-10,205.0,Polpa Cítrica,15,10,2017
2017-15-11,250.0,Polpa Cítrica,15,11,2017
2017-15-12,297.78,Polpa Cítrica,15,12,2017
2017-16-01,730.0,Polpa Cítrica,16,1,2017
2017-16-02,770.0,Polpa Cítrica,16,2,2017
2017-16-03,685.0,Polpa Cítrica,16,3,2017
2017-16-05,368.33,Polpa Cítrica,16,5,2017
2017-16-06,247.86,Polpa Cítrica,16,6,2017
2017-16-07,170.0,Polpa Cítrica,16,7,2017
2017-16-08,201.6,Polpa Cítrica,16,8,2017
2017-16-09,172.08,Polpa Cítrica,16,9,2017
2017-16-10,221.82,Polpa Cítrica,16,10,2017
2017-16-11,245.0,Polpa Cítrica,16,11,2017
2017-16-12,264.8,Polpa Cítrica,16,12,2017
2017-17-01,736.67,Polpa Cítrica,17,1,2017
2017-17-02,747.5,Polpa Cítrica,17,2,2017
2017-17-03,680.0,Polpa Cítrica,17,3,2017
2017-17-05,321.25,Polpa Cítrica,17,5,2017
2017-17-06,264.17,Polpa Cítrica,17,6,2017
2017-17-07,160.0,Polpa Cítrica,17,7,2017
2017-17-08,189.58,Polpa Cítrica,17,8,2017
2017-17-09,186.36,Polpa Cítrica,17,9,2017
2017-17-10,226.06,Polpa Cítrica,17,10,2017
2017-17-11,256.92,Polpa Cítrica,17,11,2017
2017-17-12,261.67,Polpa Cítrica,17,12,2017
2017-18-01,745.0,Polpa Cítrica,18,1,2017
2017-18-04,620.0,Polpa Cítrica,18,4,2017
2017-18-05,375.83,Polpa Cítrica,18,5,2017
2017-18-06,315.0,Polpa Cítrica,18,6,2017
2017-18-07,180.36,Polpa Cítrica,18,7,2017
2017-18-08,218.2,Polpa Cítrica,18,8,2017
2017-18-09,165.71,Polpa Cítrica,18,9,2017
2017-18-10,243.12,Polpa Cítrica,18,10,2017
2017-18-11,261.36,Polpa Cítrica,18,11,2017
2017-18-12,266.25,Polpa Cítrica,18,12,2017
2017-19-01,615.0,Polpa Cítrica,19,1,2017
2017-19-04,635.0,Polpa Cítrica,19,4,2017
2017-19-05,325.0,Polpa Cítrica,19,5,2017
2017-19-07,204.42,Polpa Cítrica,19,7,2017
2017-19-08,198.33,Polpa Cítrica,19,8,2017
2017-19-09,172.0,Polpa Cítrica,19,9,2017
2017-19-10,213.18,Polpa Cítrica,19,10,2017
2017-19-11,277.5,Polpa Cítrica,19,11,2017
2017-19-12,261.88,Polpa Cítrica,19,12,2017
2017-20-01,756.67,Polpa Cítrica,20,1,2017
2017-20-02,687.71,Polpa Cítrica,20,2,2017
2017-20-03,690.0,Polpa Cítrica,20,3,2017
2017-20-05,320.0,Polpa Cítrica,20,5,2017
2017-20-06,282.5,Polpa Cítrica,20,6,2017
2017-20-07,188.12,Polpa Cítrica,20,7,2017
2017-20-08,190.0,Polpa Cítrica,20,8,2017
2017-20-09,176.25,Polpa Cítrica,20,9,2017
2017-20-10,233.07,Polpa Cítrica,20,10,2017
2017-20-11,225.56,Polpa Cítrica,20,11,2017
2017-20-12,267.5,Polpa Cítrica,20,12,2017
2017-21-01,735.0,Polpa Cítrica,21,1,2017
2017-21-02,752.5,Polpa Cítrica,21,2,2017
2017-21-03,660.0,Polpa Cítrica,21,3,2017
2017-21-06,286.44,Polpa Cítrica,21,6,2017
2017-21-07,172.78,Polpa Cítrica,21,7,2017
2017-21-08,205.0,Polpa Cítrica,21,8,2017
2017-21-09,191.18,Polpa Cítrica,21,9,2017
2017-21-10,229.24,Polpa Cítrica,21,10,2017
2017-21-11,253.93,Polpa Cítrica,21,11,2017
2017-21-12,260.33,Polpa Cítrica,21,12,2017
2017-22-02,789.0,Polpa Cítrica,22,2,2017
2017-22-03,677.5,Polpa Cítrica,22,3,2017
2017-22-04,550.0,Polpa Cítrica,22,4,2017
2017-22-06,249.29,Polpa Cítrica,22,6,2017
2017-22-07,181.43,Polpa Cítrica,22,7,2017
2017-22-08,189.67,Polpa Cítrica,22,8,2017
2017-22-09,173.33,Polpa Cítrica,22,9,2017
2017-22-10,221.67,Polpa Cítrica,22,10,2017
2017-22-11,225.55,Polpa Cítrica,22,11,2017
2017-22-12,263.94,Polpa Cítrica,22,12,2017
2017-23-01,625.0,Polpa Cítrica,23,1,2017
2017-23-02,732.5,Polpa Cítrica,23,2,2017
2017-23-03,537.5,Polpa Cítrica,23,3,2017
2017-23-05,337.0,Polpa Cítrica,23,5,2017
2017-23-06,247.45,Polpa Cítrica,23,6,2017
2017-23-07,210.0,Polpa Cítrica,23,7,2017
2017-23-08,235.0,Polpa Cítrica,23,8,2017
2017-23-09,179.4,Polpa Cítrica,23,9,2017
2017-23-10,252.5,Polpa Cítrica,23,10,2017
2017-23-11,264.33,Polpa Cítrica,23,11,2017
2017-23-12,266.67,Polpa Cítrica,23,12,2017
2017-24-01,742.0,Polpa Cítrica,24,1,2017
2017-24-02,719.0,Polpa Cítrica,24,2,2017
2017-24-03,707.0,Polpa Cítrica,24,3,2017
2017-24-04,545.0,Polpa Cítrica,24,4,2017
2017-24-05,312.0,Polpa Cítrica,24,5,2017
2017-24-06,233.8,Polpa Cítrica,24,6,2017
2017-24-07,178.75,Polpa Cítrica,24,7,2017
2017-24-08,176.94,Polpa Cítrica,24,8,2017
2017-24-10,224.09,Polpa Cítrica,24,10,2017
2017-24-11,247.06,Polpa Cítrica,24,11,2017
2017-25-01,750.0,Polpa Cítrica,25,1,2017
2017-25-02,740.0,Polpa Cítrica,25,2,2017
2017-25-05,311.4,Polpa Cítrica,25,5,2017
2017-25-06,212.5,Polpa Cítrica,25,6,2017
2017-25-07,193.67,Polpa Cítrica,25,7,2017
2017-25-08,179.44,Polpa Cítrica,25,8,2017
2017-25-09,172.0,Polpa Cítrica,25,9,2017
2017-25-10,243.24,Polpa Cítrica,25,10,2017
2017-25-11,246.67,Polpa Cítrica,25,11,2017
2017-26-01,724.0,Polpa Cítrica,26,1,2017
2017-26-05,317.14,Polpa Cítrica,26,5,2017
2017-26-06,237.5,Polpa Cítrica,26,6,2017
2017-26-07,182.22,Polpa Cítrica,26,7,2017
2017-26-08,185.0,Polpa Cítrica,26,8,2017
2017-26-09,173.31,Polpa Cítrica,26,9,2017
2017-26-10,230.88,Polpa Cítrica,26,10,2017
2017-26-11,225.83,Polpa Cítrica,26,11,2017
2017-26-12,254.17,Polpa Cítrica,26,12,2017
2017-27-03,678.5,Polpa Cítrica,27,3,2017
2017-27-04,513.0,Polpa Cítrica,27,4,2017
2017-27-05,290.5,Polpa Cítrica,27,5,2017
2017-27-06,253.45,Polpa Cítrica,27,6,2017
2017-27-07,172.92,Polpa Cítrica,27,7,2017
2017-27-08,188.33,Polpa Cítrica,27,8,2017
2017-27-09,186.86,Polpa Cítrica,27,9,2017
2017-27-10,248.73,Polpa Cítrica,27,10,2017
2017-27-11,259.38,Polpa Cítrica,27,11,2017
2017-27-12,276.43,Polpa Cítrica,27,12,2017
2017-28-03,630.0,Polpa Cítrica,28,3,2017
2017-28-04,507.5,Polpa Cítrica,28,4,2017
2017-28-06,251.5,Polpa Cítrica,28,6,2017
2017-28-07,180.62,Polpa Cítrica,28,7,2017
2017-28-08,200.62,Polpa Cítrica,28,8,2017
2017-28-09,171.69,Polpa Cítrica,28,9,2017
2017-28-10,234.79,Polpa Cítrica,28,10,2017
2017-28-11,262.31,Polpa Cítrica,28,11,2017
2017-28-12,269.09,Polpa Cítrica,28,12,2017
2017-29-03,532.5,Polpa Cítrica,29,3,2017
2017-29-04,545.0,Polpa Cítrica,29,4,2017
2017-29-05,313.75,Polpa Cítrica,29,5,2017
2017-29-06,245.0,Polpa Cítrica,29,6,2017
2017-29-07,186.32,Polpa Cítrica,29,7,2017
2017-29-08,206.77,Polpa Cítrica,29,8,2017
2017-29-09,195.87,Polpa Cítrica,29,9,2017
2017-29-10,236.88,Polpa Cítrica,29,10,2017
2017-29-11,256.25,Polpa Cítrica,29,11,2017
2017-29-12,262.27,Polpa Cítrica,29,12,2017
2017-30-01,735.0,Polpa Cítrica,30,1,2017
2017-30-03,675.0,Polpa Cítrica,30,3,2017
2017-30-05,296.5,Polpa Cítrica,30,5,2017
2017-30-06,243.12,Polpa Cítrica,30,6,2017
2017-30-07,166.82,Polpa Cítrica,30,7,2017
2017-30-08,181.5,Polpa Cítrica,30,8,2017
2017-30-09,167.35,Polpa Cítrica,30,9,2017
2017-30-10,211.43,Polpa Cítrica,30,10,2017
2017-30-11,267.14,Polpa Cítrica,30,11,2017
2017-30-12,272.31,Polpa Cítrica,30,12,2017
2017-31-01,745.0,Polpa Cítrica,31,1,2017
2017-31-03,493.12,Polpa Cítrica,31,3,2017
2017-31-05,292.14,Polpa Cítrica,31,5,2017
2017-31-07,205.91,Polpa Cítrica,31,7,2017
2017-31-08,198.31,Polpa Cítrica,31,8,2017
2017-31-10,226.07,Polpa Cítrica,31,10,2017
2017-31-12,245.0,Polpa Cítrica,31,12,2017
2018-01-01,0.0,,1,1,2018
2018-01-02,265.5,Polpa Cítrica,2,1,2018
2018-01-03,315.0,Polpa Cítrica,3,1,2018
2018-01-04,0.0,,4,1,2018
2018-01-05,0.0,,5,1,2018
2018-01-06,428.0,Polpa Cítrica,6,1,2018
2018-01-07,426.25,Polpa Cítrica,7,1,2018
2018-01-08,408.12,Polpa Cítrica,8,1,2018
2018-01-09,424.0,Polpa Cítrica,9,1,2018
2018-01-10,526.25,Polpa Cítrica,10,1,2018
2018-01-11,519.44,Polpa Cítrica,11,1,2018
2018-01-12,447.14,Polpa Cítrica,12,1,2018
2018-01-28,0.0,,28,1,2018
2018-02-01,272.5,Polpa Cítrica,1,2,2018
2018-02-02,268.82,Polpa Cítrica,2,2,2018
2018-02-03,313.33,Polpa Cítrica,3,2,2018
2018-02-04,455.0,Polpa Cítrica,4,2,2018
2018-02-05,463.33,Polpa Cítrica,5,2,2018
2018-02-06,425.0,Polpa Cítrica,6,2,2018
2018-02-07,449.17,Polpa Cítrica,7,2,2018
2018-02-08,417.63,Polpa Cítrica,8,2,2018
2018-02-09,0.0,,9,2,2018
2018-02-10,498.0,Polpa Cítrica,10,2,2018
2018-02-11,470.0,Polpa Cítrica,11,2,2018
2018-02-12,450.0,Polpa Cítrica,12,2,2018
2018-02-13,0.0,,13,2,2018
2018-02-18,0.0,,18,2,2018
2018-02-24,0.0,,24,2,2018
2018-02-25,0.0,,25,2,2018
2018-02-29,0.0,,29,2,2018
2018-02-30,0.0,,30,2,2018
2018-03-01,260.83,Polpa Cítrica,1,3,2018
2018-03-02,261.67,Polpa Cítrica,2,3,2018
2018-03-03,345.0,Polpa Cítrica,3,3,2018
2018-03-04,407.5,Polpa Cítrica,4,3,2018
2018-03-05,462.5,Polpa Cítrica,5,3,2018
2018-03-06,470.0,Polpa Cítrica,6,3,2018
2018-03-07,438.12,Polpa Cítrica,7,3,2018
2018-03-08,420.68,Polpa Cítrica,8,3,2018
2018-03-09,430.0,Polpa Cítrica,9,3,2018
2018-03-10,428.0,Polpa Cítrica,10,3,2018
2018-03-11,541.17,Polpa Cítrica,11,3,2018
2018-03-12,477.86,Polpa Cítrica,12,3,2018
2018-03-17,0.0,,17,3,2018
2018-03-18,0.0,,18,3,2018
2018-03-25,0.0,,25,3,2018
2018-03-30,0.0,,30,3,2018
2018-04-01,282.69,Polpa Cítrica,1,4,2018
2018-04-02,0.0,,2,4,2018
2018-04-03,0.0,,3,4,2018
2018-04-04,403.89,Polpa Cítrica,4,4,2018
2018-04-05,424.38,Polpa Cítrica,5,4,2018
2018-04-06,444.0,Polpa Cítrica,6,4,2018
2018-04-07,443.89,Polpa Cítrica,7,4,2018
2018-04-08,407.61,Polpa Cítrica,8,4,2018
2018-04-09,432.5,Polpa Cítrica,9,4,2018
2018-04-10,458.75,Polpa Cítrica,10,4,2018
2018-04-11,0.0,,11,4,2018
2018-04-12,459.38,Polpa Cítrica,12,4,2018
2018-04-15,0.0,,15,4,2018
2018-04-21,0.0,,21,4,2018
2018-04-22,0.0,,22,4,2018
2018-04-29,0.0,,29,4,2018
2018-04-30,0.0,,30,4,2018
2018-05-01,275.56,Polpa Cítrica,1,5,2018
2018-05-02,275.71,Polpa Cítrica,2,5,2018
2018-05-03,375.0,Polpa Cítrica,3,5,2018
2018-05-04,365.0,Polpa Cítrica,4,5,2018
2018-05-05,430.0,Polpa Cítrica,5,5,2018
2018-05-06,411.67,Polpa Cítrica,6,5,2018
2018-05-07,448.12,Polpa Cítrica,7,5,2018
2018-05-08,0.0,,8,5,2018
2018-05-09,457.0,Polpa Cítrica,9,5,2018
2018-05-10,492.0,Polpa Cítrica,10,5,2018
2018-05-11,560.0,Polpa Cítrica,11,5,2018
2018-05-12,473.08,Polpa Cítrica,12,5,2018
2018-05-13,0.0,,13,5,2018
2018-05-14,0.0,,14,5,2018
2018-05-20,0.0,,20,5,2018
2018-05-21,0.0,,21,5,2018
2018-05-24,0.0,,24,5,2018
2018-05-25,0.0,,25,5,2018
2018-05-26,0.0,,26,5,2018
2018-05-27,0.0,,27,5,2018
2018-05-28,0.0,,28,5,2018
2018-05-29,0.0,,29,5,2018
2018-05-30,0.0,,30,5,2018
2018-06-01,271.67,Polpa Cítrica,1,6,2018
2018-06-02,266.94,Polpa Cítrica,2,6,2018
2018-06-03,315.0,Polpa Cítrica,3,6,2018
2018-06-04,457.14,Polpa Cítrica,4,6,2018
2018-06-05,0.0,,5,6,2018
2018-06-06,420.0,Polpa Cítrica,6,6,2018
2018-06-07,450.45,Polpa Cítrica,7,6,2018
2018-06-08,425.0,Polpa Cítrica,8,6,2018
2018-06-09,432.5,Polpa Cítrica,9,6,2018
2018-06-10,475.0,Polpa Cítrica,10,6,2018
2018-06-11,536.33,Polpa Cítrica,11,6,2018
2018-06-12,465.56,Polpa Cítrica,12,6,2018
2018-06-24,0.0,,24,6,2018
2018-07-01,270.0,Polpa Cítrica,1,7,2018
2018-07-02,265.38,Polpa Cítrica,2,7,2018
2018-07-03,349.29,Polpa Cítrica,3,7,2018
2018-07-04,450.0,Polpa Cítrica,4,7,2018
2018-07-05,0.0,,5,7,2018
2018-07-06,445.83,Polpa Cítrica,6,7,2018
2018-07-07,425.91,Polpa Cítrica,7,7,2018
2018-07-08,439.8,Polpa Cítrica,8,7,2018
2018-07-09,465.0,Polpa Cítrica,9,7,2018
2018-07-10,495.0,Polpa Cítrica,10,7,2018
2018-07-11,417.0,Polpa Cítrica,11,7,2018
2018-07-12,473.0,Polpa Cítrica,12,7,2018
2018-08-01,270.0,Polpa Cítrica,1,8,2018
2018-08-02,271.25,Polpa Cítrica,2,8,2018
2018-08-03,313.33,Polpa Cítrica,3,8,2018
2018-08-04,0.0,,4,8,2018
2018-08-05,426.67,Polpa Cítrica,5,8,2018
2018-08-06,432.5,Polpa Cítrica,6,8,2018
2018-08-07,0.0,,7,8,2018
2018-08-08,425.0,Polpa Cítrica,8,8,2018
2018-08-09,452.5,Polpa Cítrica,9,8,2018
2018-08-10,516.67,Polpa Cítrica,10,8,2018
2018-08-11,482.43,Polpa Cítrica,11,8,2018
2018-08-12,456.11,Polpa Cítrica,12,8,2018
2018-09-01,266.79,Polpa Cítrica,1,9,2018
2018-09-02,284.8,Polpa Cítrica,2,9,2018
2018-09-03,280.0,Polpa Cítrica,3,9,2018
2018-09-04,472.61,Polpa Cítrica,4,9,2018
2018-09-05,426.67,Polpa Cítrica,5,9,2018
2018-09-06,428.33,Polpa Cítrica,6,9,2018
2018-09-07,446.67,Polpa Cítrica,7,9,2018
2018-09-08,416.2,Polpa Cítrica,8,9,2018
2018-09-09,470.0,Polpa Cítrica,9,9,2018
2018-09-10,561.67,Polpa Cítrica,10,9,2018
2018-09-11,437.31,Polpa Cítrica,11,9,2018
2018-09-12,450.0,Polpa Cítrica,12,9,2018
2018-09-17,0.0,,17,9,2018
2018-09-30,0.0,,30,9,2018
2018-10-01,275.62,Polpa Cítrica,1,10,2018
2018-10-02,286.0,Polpa Cítrica,2,10,2018
2018-10-03,363.33,Polpa Cítrica,3,10,2018
2018-10-04,467.0,Polpa Cítrica,4,10,2018
2018-10-05,428.33,Polpa Cítrica,5,10,2018
2018-10-06,416.25,Polpa Cítrica,6,10,2018
2018-10-07,444.38,Polpa Cítrica,7,10,2018
2018-10-08,425.0,Polpa Cítrica,8,10,2018
2018-10-09,451.67,Polpa Cítrica,9,10,2018
2018-10-10,499.25,Polpa Cítrica,10,10,2018
2018-10-11,452.5,Polpa Cítrica,11,10,2018
2018-10-12,455.0,Polpa Cítrica,12,10,2018
2018-10-13,0.0,,13,10,2018
2018-10-14,0.0,,14,10,2018
2018-10-21,0.0,,21,10,2018
2018-11-01,266.62,Polpa Cítrica,1,11,2018
2018-11-02,0.0,,2,11,2018
2018-11-03,0.0,,3,11,2018
2018-11-04,406.67,Polpa Cítrica,4,11,2018
2018-11-05,418.75,Polpa Cítrica,5,11,2018
2018-11-06,444.17,Polpa Cítrica,6,11,2018
2018-11-07,440.0,Polpa Cítrica,7,11,2018
2018-11-08,430.83,Polpa Cítrica,8,11,2018
2018-11-09,448.75,Polpa Cítrica,9,11,2018
2018-11-10,452.5,Polpa Cítrica,10,11,2018
2018-11-11,476.67,Polpa Cítrica,11,11,2018
2018-11-12,465.0,Polpa Cítrica,12,11,2018
2018-11-19,0.0,,19,11,2018
2018-11-25,0.0,,25,11,2018
2018-12-01,265.12,Polpa Cítrica,1,12,2018
2018-12-02,280.0,Polpa Cítrica,2,12,2018
2018-12-03,386.0,Polpa Cítrica,3,12,2018
2018-12-04,466.25,Polpa Cítrica,4,12,2018
2018-12-05,0.0,,5,12,2018
2018-12-06,426.25,Polpa Cítrica,6,12,2018
2018-12-07,427.92,Polpa Cítrica,7,12,2018
2018-12-08,0.0,,8,12,2018
2018-12-09,444.58,Polpa Cítrica,9,12,2018
2018-12-10,0.0,,10,12,2018
2018-12-11,443.33,Polpa Cítrica,11,12,2018
2018-12-12,465.45,Polpa Cítrica,12,12,2018
2018-12-23,0.0,,23,12,2018
2018-12-24,0.0,,24,12,2018
2018-12-25,0.0,,25,12,2018
2018-12-30,0.0,,30,12,2018
2018-13-01,266.25,Polpa Cítrica,13,1,2018
2018-13-03,364.17,Polpa Cítrica,13,3,2018
2018-13-04,402.5,Polpa Cítrica,13,4,2018
2018-13-06,441.79,Polpa Cítrica,13,6,2018
2018-13-07,434.72,Polpa Cítrica,13,7,2018
2018-13-08,450.0,Polpa Cítrica,13,8,2018
2018-13-09,453.44,Polpa Cítrica,13,9,2018
2018-13-11,507.5,Polpa Cítrica,13,11,2018
2018-13-12,461.25,Polpa Cítrica,13,12,2018
2018-14-01,258.3,Polpa Cítrica,14,1,2018
2018-14-02,280.0,Polpa Cítrica,14,2,2018
2018-14-03,275.0,Polpa Cítrica,14,3,2018
2018-14-04,450.0,Polpa Cítrica,14,4,2018
2018-14-06,437.14,Polpa Cítrica,14,6,2018
2018-14-07,425.0,Polpa Cítrica,14,7,2018
2018-14-08,425.91,Polpa Cítrica,14,8,2018
2018-14-09,458.75,Polpa Cítrica,14,9,2018
2018-14-11,482.5,Polpa Cítrica,14,11,2018
2018-14-12,449.86,Polpa Cítrica,14,12,2018
2018-15-01,272.31,Polpa Cítrica,15,1,2018
2018-15-02,284.44,Polpa Cítrica,15,2,2018
2018-15-03,405.83,Polpa Cítrica,15,3,2018
2018-15-05,431.67,Polpa Cítrica,15,5,2018
2018-15-06,446.88,Polpa Cítrica,15,6,2018
2018-15-07,530.0,Polpa Cítrica,15,7,2018
2018-15-08,432.15,Polpa Cítrica,15,8,2018
2018-15-09,440.0,Polpa Cítrica,15,9,2018
2018-15-10,540.0,Polpa Cítrica,15,10,2018
2018-15-11,464.17,Polpa Cítrica,15,11,2018
2018-15-12,449.0,Polpa Cítrica,15,12,2018
2018-16-01,272.89,Polpa Cítrica,16,1,2018
2018-16-02,309.38,Polpa Cítrica,16,2,2018
2018-16-03,394.0,Polpa Cítrica,16,3,2018
2018-16-04,466.25,Polpa Cítrica,16,4,2018
2018-16-05,460.0,Polpa Cítrica,16,5,2018
2018-16-06,429.69,Polpa Cítrica,16,6,2018
2018-16-07,408.75,Polpa Cítrica,16,7,2018
2018-16-08,450.62,Polpa Cítrica,16,8,2018
2018-16-09,470.0,Polpa Cítrica,16,9,2018
2018-16-10,410.0,Polpa Cítrica,16,10,2018
2018-16-11,414.29,Polpa Cítrica,16,11,2018
2018-16-12,474.57,Polpa Cítrica,16,12,2018
2018-17-01,270.0,Polpa Cítrica,17,1,2018
2018-17-02,280.0,Polpa Cítrica,17,2,2018
2018-17-04,415.71,Polpa Cítrica,17,4,2018
2018-17-05,410.0,Polpa Cítrica,17,5,2018
2018-17-06,436.67,Polpa Cítrica,17,6,2018
2018-17-07,419.67,Polpa Cítrica,17,7,2018
2018-17-08,416.56,Polpa Cítrica,17,8,2018
2018-17-10,461.71,Polpa Cítrica,17,10,2018
2018-17-11,415.0,Polpa Cítrica,17,11,2018
2018-17-12,495.0,Polpa Cítrica,17,12,2018
2018-18-01,273.36,Polpa Cítrica,18,1,2018
2018-18-04,462.5,Polpa Cítrica,18,4,2018
2018-18-05,423.75,Polpa Cítrica,18,5,2018
2018-18-06,434.38,Polpa Cítrica,18,6,2018
2018-18-07,421.43,Polpa Cítrica,18,7,2018
2018-18-08,420.0,Polpa Cítrica,18,8,2018
2018-18-09,430.0,Polpa Cítrica,18,9,2018
2018-18-10,503.75,Polpa Cítrica,18,10,2018
2018-18-11,501.67,Polpa Cítrica,18,11,2018
2018-18-12,478.67,Polpa Cítrica,18,12,2018
2018-19-01,265.29,Polpa Cítrica,19,1,2018
2018-19-02,292.86,Polpa Cítrica,19,2,2018
2018-19-03,455.0,Polpa Cítrica,19,3,2018
2018-19-04,421.6,Polpa Cítrica,19,4,2018
2018-19-05,426.67,Polpa Cítrica,19,5,2018
2018-19-06,455.83,Polpa Cítrica,19,6,2018
2018-19-07,422.65,Polpa Cítrica,19,7,2018
2018-19-08,440.0,Polpa Cítrica,19,8,2018
2018-19-09,466.67,Polpa Cítrica,19,9,2018
2018-19-10,559.25,Polpa Cítrica,19,10,2018
2018-19-12,483.33,Polpa Cítrica,19,12,2018
2018-20-01,281.88,Polpa Cítrica,20,1,2018
2018-20-02,283.75,Polpa Cítrica,20,2,2018
2018-20-03,400.0,Polpa Cítrica,20,3,2018
2018-20-04,410.89,Polpa Cítrica,20,4,2018
2018-20-06,459.83,Polpa Cítrica,20,6,2018
2018-20-07,416.0,Polpa Cítrica,20,7,2018
2018-20-08,426.25,Polpa Cítrica,20,8,2018
2018-20-09,468.89,Polpa Cítrica,20,9,2018
2018-20-10,481.67,Polpa Cítrica,20,10,2018
2018-20-11,515.0,Polpa Cítrica,20,11,2018
2018-20-12,466.82,Polpa Cítrica,20,12,2018
2018-21-01,265.0,Polpa Cítrica,21,1,2018
2018-21-02,295.0,Polpa Cítrica,21,2,2018
2018-21-03,418.0,Polpa Cítrica,21,3,2018
2018-21-06,457.78,Polpa Cítrica,21,6,2018
2018-21-07,419.0,Polpa Cítrica,21,7,2018
2018-21-08,425.0,Polpa Cítrica,21,8,2018
2018-21-09,449.17,Polpa Cítrica,21,9,2018
2018-21-11,530.0,Polpa Cítrica,21,11,2018
2018-21-12,450.83,Polpa Cítrica,21,12,2018
2018-22-01,278.75,Polpa Cítrica,22,1,2018
2018-22-02,303.33,Polpa Cítrica,22,2,2018
2018-22-03,462.5,Polpa Cítrica,22,3,2018
2018-22-05,418.0,Polpa Cítrica,22,5,2018
2018-22-06,449.75,Polpa Cítrica,22,6,2018
2018-22-07,380.0,Polpa Cítrica,22,7,2018
2018-22-08,439.44,Polpa Cítrica,22,8,2018
2018-22-09,463.89,Polpa Cítrica,22,9,2018
2018-22-10,540.0,Polpa Cítrica,22,10,2018
2018-22-11,486.5,Polpa Cítrica,22,11,2018
2018-22-12,462.5,Polpa Cítrica,22,12,2018
2018-23-01,277.33,Polpa Cítrica,23,1,2018
2018-23-02,280.0,Polpa Cítrica,23,2,2018
2018-23-03,520.0,Polpa Cítrica,23,3,2018
2018-23-04,468.33,Polpa Cítrica,23,4,2018
2018-23-05,421.67,Polpa Cítrica,23,5,2018
2018-23-06,448.04,Polpa Cítrica,23,6,2018
2018-23-07,425.0,Polpa Cítrica,23,7,2018
2018-23-08,436.11,Polpa Cítrica,23,8,2018
2018-23-09,440.0,Polpa Cítrica,23,9,2018
2018-23-10,450.0,Polpa Cítrica,23,10,2018
2018-23-11,473.57,Polpa Cítrica,23,11,2018
2018-24-01,276.43,Polpa Cítrica,24,1,2018
2018-24-03,310.0,Polpa Cítrica,24,3,2018
2018-24-04,397.0,Polpa Cítrica,24,4,2018
2018-24-07,418.33,Polpa Cítrica,24,7,2018
2018-24-08,435.0,Polpa Cítrica,24,8,2018
2018-24-09,495.0,Polpa Cítrica,24,9,2018
2018-24-10,455.0,Polpa Cítrica,24,10,2018
2018-24-11,529.17,Polpa Cítrica,24,11,2018
2018-25-01,270.77,Polpa Cítrica,25,1,2018
2018-25-04,460.0,Polpa Cítrica,25,4,2018
2018-25-06,455.38,Polpa Cítrica,25,6,2018
2018-25-07,412.5,Polpa Cítrica,25,7,2018
2018-25-08,426.67,Polpa Cítrica,25,8,2018
2018-25-09,482.5,Polpa Cítrica,25,9,2018
2018-25-10,520.0,Polpa Cítrica,25,10,2018
2018-26-01,268.57,Polpa Cítrica,26,1,2018
2018-26-02,280.0,Polpa Cítrica,26,2,2018
2018-26-03,465.0,Polpa Cítrica,26,3,2018
2018-26-04,345.0,Polpa Cítrica,26,4,2018
2018-26-06,437.69,Polpa Cítrica,26,6,2018
2018-26-07,406.83,Polpa Cítrica,26,7,2018
2018-26-08,450.0,Polpa Cítrica,26,8,2018
2018-26-09,468.75,Polpa Cítrica,26,9,2018
2018-26-10,490.29,Polpa Cítrica,26,10,2018
2018-26-11,440.0,Polpa Cítrica,26,11,2018
2018-26-12,462.5,Polpa Cítrica,26,12,2018
2018-27-01,275.0,Polpa Cítrica,27,1,2018
2018-27-02,305.0,Polpa Cítrica,27,2,2018
2018-27-03,411.25,Polpa Cítrica,27,3,2018
2018-27-04,459.5,Polpa Cítrica,27,4,2018
2018-27-06,459.29,Polpa Cítrica,27,6,2018
2018-27-07,420.2,Polpa Cítrica,27,7,2018
2018-27-08,410.0,Polpa Cítrica,27,8,2018
2018-27-09,495.0,Polpa Cítrica,27,9,2018
2018-27-10,450.0,Polpa Cítrica,27,10,2018
2018-27-11,435.0,Polpa Cítrica,27,11,2018
2018-27-12,464.67,Polpa Cítrica,27,12,2018
2018-28-02,315.0,Polpa Cítrica,28,2,2018
2018-28-03,439.29,Polpa Cítrica,28,3,2018
2018-28-04,463.33,Polpa Cítrica,28,4,2018
2018-28-06,435.0,Polpa Cítrica,28,6,2018
2018-28-07,418.12,Polpa Cítrica,28,7,2018
2018-28-08,433.12,Polpa Cítrica,28,8,2018
2018-28-09,447.73,Polpa Cítrica,28,9,2018
2018-28-10,430.0,Polpa Cítrica,28,10,2018
2018-28-11,474.5,Polpa Cítrica,28,11,2018
2018-28-12,456.79,Polpa Cítrica,28,12,2018
2018-29-01,293.33,Polpa Cítrica,29,1,2018
2018-29-03,423.12,Polpa Cítrica,29,3,2018
2018-29-06,439.8,Polpa Cítrica,29,6,2018
2018-29-07,407.5,Polpa Cítrica,29,7,2018
2018-29-08,435.0,Polpa Cítrica,29,8,2018
2018-29-09,466.43,Polpa Cítrica,29,9,2018
2018-29-10,507.27,Polpa Cítrica,29,10,2018
2018-29-11,472.5,Polpa Cítrica,29,11,2018
2018-29-12,463.33,Polpa Cítrica,29,12,2018
2018-30-01,280.0,Polpa Cítrica,30,1,2018
2018-30-06,437.19,Polpa Cítrica,30,6,2018
2018-30-07,414.5,Polpa Cítrica,30,7,2018
2018-30-08,433.33,Polpa Cítrica,30,8,2018
2018-30-10,525.0,Polpa Cítrica,30,10,2018
2018-30-11,488.93,Polpa Cítrica,30,11,2018
2018-31-01,281.0,Polpa Cítrica,31,1,2018
2018-31-07,416.06,Polpa Cítrica,31,7,2018
2018-31-08,440.0,Polpa Cítrica,31,8,2018
2018-31-10,525.31,Polpa Cítrica,31,10,2018
2019-01-01,0.0,,1,1,2019
2019-01-02,554.17,Polpa Cítrica,2,1,2019
2019-01-03,590.0,Polpa Cítrica,3,1,2019
2019-01-04,620.0,Polpa Cítrica,4,1,2019
2019-01-05,0.0,,5,1,2019
2019-01-06,339.5,Polpa Cítrica,6,1,2019
2019-01-07,328.33,Polpa Cítrica,7,1,2019
2019-01-08,325.5,Polpa Cítrica,8,1,2019
2019-01-09,329.23,Polpa Cítrica,9,1,2019
2019-01-10,0.0,,10,1,2019
2019-01-11,0.0,,11,1,2019
2019-01-12,0.0,,12,1,2019
2019-01-13,0.0,,13,1,2019
2019-01-20,0.0,,20,1,2019
2019-01-27,0.0,,27,1,2019
2019-02-01,483.75,Polpa Cítrica,1,2,2019
2019-02-02,548.33,Polpa Cítrica,2,2,2019
2019-02-03,618.33,Polpa Cítrica,3,2,2019
2019-02-04,605.0,Polpa Cítrica,4,2,2019
2019-02-05,470.0,Polpa Cítrica,5,2,2019
2019-02-06,0.0,,6,2,2019
2019-02-07,317.86,Polpa Cítrica,7,2,2019
2019-02-08,330.5,Polpa Cítrica,8,2,2019
2019-02-09,377.5,Polpa Cítrica,9,2,2019
2019-02-10,0.0,,10,2,2019
2019-02-11,0.0,,11,2,2019
2019-02-12,0.0,,12,2,2019
2019-02-17,0.0,,17,2,2019
2019-02-18,0.0,,18,2,2019
2019-02-24,0.0,,24,2,2019
2019-02-27,0.0,,27,2,2019
2019-02-29,0.0,,29,2,2019
2019-02-30,0.0,,30,2,2019
2019-03-01,466.5,Polpa Cítrica,1,3,2019
2019-03-02,0.0,,2,3,2019
2019-03-03,0.0,,3,3,2019
2019-03-04,612.0,Polpa Cítrica,4,3,2019
2019-03-05,430.0,Polpa Cítrica,5,3,2019
2019-03-06,320.0,Polpa Cítrica,6,3,2019
2019-03-07,337.67,Polpa Cítrica,7,3,2019
2019-03-08,332.8,Polpa Cítrica,8,3,2019
2019-03-09,381.82,Polpa Cítrica,9,3,2019
2019-03-10,0.0,,10,3,2019
2019-03-11,0.0,,11,3,2019
2019-03-12,0.0,,12,3,2019
2019-03-16,0.0,,16,3,2019
2019-03-17,0.0,,17,3,2019
2019-03-18,0.0,,18,3,2019
2019-03-23,0.0,,23,3,2019
2019-03-24,0.0,,24,3,2019
2019-04-01,463.0,Polpa Cítrica,1,4,2019
2019-04-02,0.0,,2,4,2019
2019-04-03,600.0,Polpa Cítrica,3,4,2019
2019-04-04,613.0,Polpa Cítrica,4,4,2019
2019-04-05,456.34,Polpa Cítrica,5,4,2019
2019-04-06,316.67,Polpa Cítrica,6,4,2019
2019-04-07,325.31,Polpa Cítrica,7,4,2019
2019-04-08,318.75,Polpa Cítrica,8,4,2019
2019-04-09,331.43,Polpa Cítrica,9,4,2019
2019-04-10,0.0,,10,4,2019
2019-04-11,0.0,,11,4,2019
2019-04-12,0.0,,12,4,2019
2019-04-14,0.0,,14,4,2019
2019-04-15,0.0,,15,4,2019
2019-04-19,0.0,,19,4,2019
2019-04-20,0.0,,20,4,2019
2019-04-21,0.0,,21,4,2019
2019-04-27,0.0,,27,4,2019
2019-04-28,0.0,,28,4,2019
2019-05-01,475.0,Polpa Cítrica,1,5,2019
2019-05-02,573.33,Polpa Cítrica,2,5,2019
2019-05-03,0.0,,3,5,2019
2019-05-04,627.5,Polpa Cítrica,4,5,2019
2019-05-05,480.0,Polpa Cítrica,5,5,2019
2019-05-06,314.17,Polpa Cítrica,6,5,2019
2019-05-07,348.93,Polpa Cítrica,7,5,2019
2019-05-08,329.29,Polpa Cítrica,8,5,2019
2019-05-09,341.11,Polpa Cítrica,9,5,2019
2019-05-10,0.0,,10,5,2019
2019-05-11,0.0,,11,5,2019
2019-05-12,0.0,,12,5,2019
2019-05-13,0.0,,13,5,2019
2019-05-19,0.0,,19,5,2019
2019-05-26,0.0,,26,5,2019
2019-06-01,465.0,Polpa Cítrica,1,6,2019
2019-06-02,543.7,Polpa Cítrica,2,6,2019
2019-06-03,0.0,,3,6,2019
2019-06-04,606.67,Polpa Cítrica,4,6,2019
2019-06-05,450.0,Polpa Cítrica,5,6,2019
2019-06-06,325.0,Polpa Cítrica,6,6,2019
2019-06-07,323.67,Polpa Cítrica,7,6,2019
2019-06-08,350.0,Polpa Cítrica,8,6,2019
2019-06-09,315.0,Polpa Cítrica,9,6,2019
2019-06-10,0.0,,10,6,2019
2019-06-11,0.0,,11,6,2019
2019-06-12,0.0,,12,6,2019
2019-07-01,475.0,Polpa Cítrica,1,7,2019
2019-07-02,508.5,Polpa Cítrica,2,7,2019
2019-07-03,612.5,Polpa Cítrica,3,7,2019
2019-07-04,0.0,,4,7,2019
2019-07-05,490.0,Polpa Cítrica,5,7,2019
2019-07-06,310.94,Polpa Cítrica,6,7,2019
2019-07-07,314.0,Polpa Cítrica,7,7,2019
2019-07-08,325.0,Polpa Cítrica,8,7,2019
2019-07-09,326.25,Polpa Cítrica,9,7,2019
2019-07-10,0.0,,10,7,2019
2019-07-11,0.0,,11,7,2019
2019-07-12,0.0,,12,7,2019
2019-07-28,0.0,,28,7,2019
2019-13-02,565.0,Polpa Cítrica,13,2,2019
2019-13-03,600.0,Polpa Cítrica,13,3,2019
2019-13-04,550.0,Polpa Cítrica,13,4,2019
2019-13-06,312.5,Polpa Cítrica,13,6,2019
2019-13-07,317.31,Polpa Cítrica,13,7,2019
2019-14-01,442.0,Polpa Cítrica,14,1,2019
2019-14-02,558.33,Polpa Cítrica,14,2,2019
2019-14-03,620.0,Polpa Cítrica,14,3,2019
2019-14-05,437.78,Polpa Cítrica,14,5,2019
2019-14-06,319.0,Polpa Cítrica,14,6,2019
2019-14-07,295.0,Polpa Cítrica,14,7,2019
2019-15-01,494.17,Polpa Cítrica,15,1,2019
2019-15-02,555.0,Polpa Cítrica,15,2,2019
2019-15-03,613.33,Polpa Cítrica,15,3,2019
2019-15-05,428.12,Polpa Cítrica,15,5,2019
2019-15-06,308.33,Polpa Cítrica,15,6,2019
2019-15-07,305.83,Polpa Cítrica,15,7,2019
2019-16-01,469.38,Polpa Cítrica,16,1,2019
2019-16-02,560.0,Polpa Cítrica,16,2,2019
2019-16-04,583.33,Polpa Cítrica,16,4,2019
2019-16-05,423.18,Polpa Cítrica,16,5,2019
2019-16-06,310.0,Polpa Cítrica,16,6,2019
2019-16-07,309.44,Polpa Cítrica,16,7,2019
2019-17-01,513.29,Polpa Cítrica,17,1,2019
2019-17-04,560.0,Polpa Cítrica,17,4,2019
2019-17-05,427.0,Polpa Cítrica,17,5,2019
2019-17-06,316.67,Polpa Cítrica,17,6,2019
2019-17-07,318.95,Polpa Cítrica,17,7,2019
2019-18-01,491.6,Polpa Cítrica,18,1,2019
2019-18-04,568.0,Polpa Cítrica,18,4,2019
2019-18-05,415.0,Polpa Cítrica,18,5,2019
2019-18-06,315.5,Polpa Cítrica,18,6,2019
2019-18-07,310.94,Polpa Cítrica,18,7,2019
2019-19-01,507.67,Polpa Cítrica,19,1,2019
2019-19-02,550.0,Polpa Cítrica,19,2,2019
2019-19-03,591.25,Polpa Cítrica,19,3,2019
2019-19-06,326.05,Polpa Cítrica,19,6,2019
2019-19-07,318.33,Polpa Cítrica,19,7,2019
2019-20-02,550.0,Polpa Cítrica,20,2,2019
2019-20-03,590.0,Polpa Cítrica,20,3,2019
2019-20-05,413.33,Polpa Cítrica,20,5,2019
2019-20-06,312.6,Polpa Cítrica,20,6,2019
2019-20-07,313.24,Polpa Cítrica,20,7,2019
2019-21-01,525.0,Polpa Cítrica,21,1,2019
2019-21-02,560.0,Polpa Cítrica,21,2,2019
2019-21-03,612.86,Polpa Cítrica,21,3,2019
2019-21-05,417.65,Polpa Cítrica,21,5,2019
2019-21-06,323.33,Polpa Cítrica,21,6,2019
2019-21-07,303.33,Polpa Cítrica,21,7,2019
2019-22-01,475.0,Polpa Cítrica,22,1,2019
2019-22-02,530.0,Polpa Cítrica,22,2,2019
2019-22-03,592.5,Polpa Cítrica,22,3,2019
2019-22-04,565.0,Polpa Cítrica,22,4,2019
2019-22-05,421.8,Polpa Cítrica,22,5,2019
2019-22-06,317.86,Polpa Cítrica,22,6,2019
2019-22-07,306.67,Polpa Cítrica,22,7,2019
2019-23-01,514.38,Polpa Cítrica,23,1,2019
2019-23-02,550.0,Polpa Cítrica,23,2,2019
2019-23-04,577.5,Polpa Cítrica,23,4,2019
2019-23-05,401.07,Polpa Cítrica,23,5,2019
2019-23-06,325.0,Polpa Cítrica,23,6,2019
2019-23-07,328.57,Polpa Cítrica,23,7,2019
2019-24-01,532.22,Polpa Cítrica,24,1,2019
2019-24-04,570.0,Polpa Cítrica,24,4,2019
2019-24-05,395.91,Polpa Cítrica,24,5,2019
2019-24-06,315.0,Polpa Cítrica,24,6,2019
2019-24-07,316.67,Polpa Cítrica,24,7,2019
2019-25-01,537.5,Polpa Cítrica,25,1,2019
2019-25-02,620.0,Polpa Cítrica,25,2,2019
2019-25-03,620.0,Polpa Cítrica,25,3,2019
2019-25-04,560.0,Polpa Cítrica,25,4,2019
2019-25-05,380.0,Polpa Cítrica,25,5,2019
2019-25-06,336.67,Polpa Cítrica,25,6,2019
2019-25-07,321.67,Polpa Cítrica,25,7,2019
2019-26-01,500.0,Polpa Cítrica,26,1,2019
2019-26-02,613.75,Polpa Cítrica,26,2,2019
2019-26-03,600.0,Polpa Cítrica,26,3,2019
2019-26-04,580.0,Polpa Cítrica,26,4,2019
2019-26-06,314.38,Polpa Cítrica,26,6,2019
2019-26-07,324.09,Polpa Cítrica,26,7,2019
2019-27-03,618.0,Polpa Cítrica,27,3,2019
2019-27-05,372.0,Polpa Cítrica,27,5,2019
2019-27-06,316.88,Polpa Cítrica,27,6,2019
2019-27-07,320.0,Polpa Cítrica,27,7,2019
2019-28-01,520.0,Polpa Cítrica,28,1,2019
2019-28-02,620.0,Polpa Cítrica,28,2,2019
2019-28-03,609.38,Polpa Cítrica,28,3,2019
2019-28-05,385.0,Polpa Cítrica,28,5,2019
2019-28-06,325.0,Polpa Cítrica,28,6,2019
2019-29-01,559.0,Polpa Cítrica,29,1,2019
2019-29-03,620.0,Polpa Cítrica,29,3,2019
2019-29-04,527.5,Polpa Cítrica,29,4,2019
2019-29-05,360.0,Polpa Cítrica,29,5,2019
2019-29-06,340.0,Polpa Cítrica,29,6,2019
2019-29-07,305.0,Polpa Cítrica,29,7,2019
2019-30-01,532.8,Polpa Cítrica,30,1,2019
2019-30-03,609.5,Polpa Cítrica,30,3,2019
2019-30-04,487.5,Polpa Cítrica,30,4,2019
2019-30-05,353.33,Polpa Cítrica,30,5,2019
2019-30-06,316.67,Polpa Cítrica,30,6,2019
2019-30-07,350.0,Polpa Cítrica,30,7,2019
2019-31-01,552.5,Polpa Cítrica,31,1,2019
2019-31-05,331.42,Polpa Cítrica,31,5,2019
2019-31-07,315.0,Polpa Cítrica,31,7,2019
